,a1,a2,logZ,magnetization,logZ_diff,magnetization_diff,magnetization_per_layer,ws_diff_total,ws_diff,ws_diff_normalized,iter,elapsed
0,1.224744871391589,3.1,2.3354480418865395,1.7250780456153272,2.3354480418865395,1.7250780456153272,"[9.52102804e-02 6.20967592e-15 9.25978378e-02 2.00282012e-01
 1.28030703e+00 1.65777669e+00 1.72159884e+00 1.72562319e+00
 1.72525447e+00 1.72515371e+00 1.72512186e+00 1.72511498e+00
 1.72508759e+00 1.72508038e+00 1.72507948e+00 1.72508071e+00
 1.72507905e+00 1.72507833e+00 1.72507809e+00 1.72507805e+00]",0.053675792756455586,"[0.         0.         1.55211665 2.02395427 2.56667909 2.61794833
 2.5448719  2.81311964 2.6445342  2.71903296 2.75869213 2.92166438
 2.98417363 2.74907347 3.00477922 3.06193382 3.04346477 2.94979001
 3.15400617 3.34409478]","[0.00000000e+00 0.00000000e+00 3.88029162e-01 2.52994284e-01
 1.60417443e-01 8.18108853e-02 3.97636235e-02 2.19774972e-02
 1.03302117e-02 5.31061126e-03 2.69403528e-03 1.42659393e-03
 7.28558015e-04 3.35580257e-04 1.83397169e-04 9.34428047e-05
 4.64395870e-05 2.25051118e-05 1.20315787e-05 6.37835460e-06]",1.0,3.2079203128814697
1,1.224744871391589,3.1,2.3354521387156275,1.7245681763400977,4.09682908797393e-06,0.0005098692752294465,"[9.52102804e-02 6.20967592e-15 8.13201929e-02 1.10582526e-01
 7.11467046e-01 1.36608751e+00 1.71830171e+00 1.72462134e+00
 1.72460878e+00 1.72458158e+00 1.72459574e+00 1.72457748e+00
 1.72456883e+00 1.72456878e+00 1.72456873e+00 1.72456875e+00
 1.72456854e+00 1.72456837e+00 1.72456826e+00 1.72456818e+00]",0.0021729672930589695,"[0.         0.         0.07665441 0.05859479 0.07422695 0.2058559
 0.04267596 0.02826711 0.03492879 0.05660936 0.04282665 0.13244892
 0.42517813 0.98175092 0.76511441 0.83555724 0.61556337 0.90325124
 0.64655156 3.08014462]","[0.00000000e+00 0.00000000e+00 1.91636032e-02 7.32434921e-03
 4.63918441e-03 6.43299681e-03 6.66811916e-04 2.20836832e-04
 1.36440587e-04 1.10565161e-04 4.18229043e-05 6.46723233e-05
 1.03803255e-04 1.19842642e-04 4.66988773e-05 2.54991834e-05
 9.39275169e-06 6.89126008e-06 2.46639845e-06 5.87490963e-06]",2.0,3.2220845222473145
2,1.224744871391589,3.1,2.3354525093152008,1.7245595134430751,3.7059957325169535e-07,8.662897022615468e-06,"[9.52102804e-02 6.20967592e-15 8.23648721e-02 1.16961727e-01
 7.50008238e-01 1.44129583e+00 1.72008987e+00 1.72464060e+00
 1.72460848e+00 1.72457327e+00 1.72458115e+00 1.72456929e+00
 1.72456067e+00 1.72456027e+00 1.72455999e+00 1.72455991e+00
 1.72455970e+00 1.72455955e+00 1.72455950e+00 1.72455951e+00]",0.00210587667305382,"[0.         0.         0.0393456  0.09774203 0.13808788 0.20687001
 0.02398361 0.03717334 0.01119974 0.00819004 0.01918856 0.01040584
 0.02406014 0.01000992 0.00597634 0.00419382 0.005029   0.00703203
 0.86547312 2.58604165]","[0.00000000e+00 0.00000000e+00 9.83640098e-03 1.22177541e-02
 8.63049247e-03 6.46468784e-03 3.74743975e-04 2.90416700e-04
 4.37489918e-05 1.59961658e-05 1.87388319e-05 5.08097516e-06
 5.87405656e-06 1.22191430e-06 3.64767142e-07 1.27985294e-07
 7.67363822e-08 5.36501023e-08 3.30151793e-06 4.93248301e-06]",3.0,3.271043300628662
3,1.224744871391589,3.1,2.335453033859403,1.7245597296733453,5.245442022960844e-07,2.1623027013362162e-07,"[9.52102804e-02 6.20967592e-15 9.07069854e-02 1.40681720e-01
 9.18538746e-01 1.61582913e+00 1.72327753e+00 1.72456118e+00
 1.72455902e+00 1.72455973e+00 1.72455973e+00 1.72455973e+00
 1.72455973e+00 1.72455973e+00 1.72455973e+00 1.72455973e+00
 1.72455973e+00 1.72455973e+00 1.72455973e+00 1.72455973e+00]",0.005146708653421981,"[0.         0.         0.07529376 0.00361738 0.30310837 0.69619423
 1.0805464  0.93677166 1.07577664 1.17456158 0.87412826 1.10111459
 0.99431881 1.39717944 1.41384949 1.41421556 1.41416087 1.41339104
 0.24886499 2.5486516 ]","[0.00000000e+00 0.00000000e+00 1.88234399e-02 4.52172022e-04
 1.89442731e-02 2.17560697e-02 1.68835374e-02 7.31852859e-03
 4.20225249e-03 2.29406558e-03 8.53640878e-04 5.37653608e-04
 2.42753615e-04 1.70554130e-04 8.62945248e-05 4.31584339e-05
 2.15783825e-05 1.07833179e-05 9.49344582e-07 4.86116715e-06]",4.0,3.291595697402954
4,1.224744871391589,3.1,2.3354531502151676,1.7245589412029956,1.1635576457891261e-07,7.884703496774392e-07,"[9.52102804e-02 6.20967592e-15 9.31909869e-02 1.47245898e-01
 9.65238356e-01 1.64057087e+00 1.72346185e+00 1.72455441e+00
 1.72455847e+00 1.72455894e+00 1.72455894e+00 1.72455894e+00
 1.72455894e+00 1.72455894e+00 1.72455894e+00 1.72455894e+00
 1.72455894e+00 1.72455894e+00 1.72455894e+00 1.72455894e+00]",4.109756471039352e-05,"[0.00000000e+00 0.00000000e+00 2.17220231e-03 3.52884719e-06
 2.44915375e-03 7.52092039e-04 1.19144485e-03 1.37345110e-04
 2.61021258e-08 1.48997384e-08 1.51486586e-08 1.52075116e-08
 1.51336521e-08 1.51926044e-08 1.51191624e-08 1.51868050e-08
 1.51503866e-08 1.57524250e-08 1.03910155e-06 2.36498475e+00]","[0.00000000e+00 0.00000000e+00 5.43050578e-04 4.41105899e-07
 1.53072110e-04 2.35028762e-05 1.86163258e-05 1.07300867e-06
 1.01961429e-10 2.91010515e-11 1.47936119e-11 7.42554275e-12
 3.69473928e-12 1.85456597e-12 9.22800439e-13 4.63464507e-13
 2.31176554e-13 1.20181465e-13 3.96385783e-12 4.51085042e-06]",5.0,3.2933874130249023
5,1.224744871391589,3.1,2.335453150415963,1.7245591230560153,2.0079538032291566e-10,1.818530197539303e-07,"[9.52102804e-02 6.20967592e-15 9.33699534e-02 1.47731766e-01
 9.69517708e-01 1.64179487e+00 1.72346625e+00 1.72455462e+00
 1.72455866e+00 1.72455912e+00 1.72455912e+00 1.72455912e+00
 1.72455912e+00 1.72455912e+00 1.72455912e+00 1.72455912e+00
 1.72455912e+00 1.72455912e+00 1.72455912e+00 1.72455912e+00]",2.066554276984206e-07,"[0.00000000e+00 0.00000000e+00 1.48452307e-05 3.98991058e-09
 8.81484644e-08 7.91176111e-08 3.40705658e-10 5.44276022e-10
 8.11822265e-14 6.47629651e-14 7.05500350e-14 5.68695588e-14
 6.50052756e-14 5.32677829e-14 5.11197434e-14 5.82758696e-14
 7.26203665e-14 6.71217785e-14 6.07940850e-14 2.71687584e+00]","[0.00000000e+00 0.00000000e+00 3.71130768e-06 4.98738823e-10
 5.50927903e-09 2.47242535e-09 5.32352590e-12 4.25215642e-12
 3.17118072e-16 1.26490166e-16 6.88965185e-17 2.77683393e-17
 1.58704286e-17 6.50241490e-18 3.12010152e-18 1.77843840e-18
 1.10809885e-18 5.12098529e-19 2.31911030e-19 5.18202941e-06]",6.0,3.3275625705718994
6,1.224744871391589,3.1,2.335453150417199,1.7245591404226959,1.2359002710127243e-12,1.7366680538088985e-08,"[9.52102804e-02 6.20967592e-15 9.33785387e-02 1.47752258e-01
 9.69590025e-01 1.64181525e+00 1.72346635e+00 1.72455463e+00
 1.72455868e+00 1.72455914e+00 1.72455914e+00 1.72455914e+00
 1.72455914e+00 1.72455914e+00 1.72455914e+00 1.72455914e+00
 1.72455914e+00 1.72455914e+00 1.72455914e+00 1.72455914e+00]",1.3339406548099333e-09,"[0.00000000e+00 0.00000000e+00 9.58990586e-08 2.20334468e-11
 5.11252565e-10 4.63446603e-11 5.55654964e-13 3.07598681e-13
 3.85472709e-14 4.36003515e-14 4.80662449e-14 2.68963524e-14
 4.40855601e-14 3.33470267e-14 3.70457958e-14 3.26595332e-14
 2.62760226e-14 3.46939351e-14 3.06446858e-14 2.64571145e+00]","[0.00000000e+00 0.00000000e+00 2.39747646e-08 2.75418085e-12
 3.19532853e-11 1.44827064e-12 8.68210882e-15 2.40311469e-15
 1.50575277e-16 8.51569365e-17 4.69396923e-17 1.31329846e-17
 1.07630762e-17 4.07068197e-18 2.26109594e-18 9.96689855e-19
 4.00940286e-19 2.64693719e-19 1.16900199e-19 5.04629412e-06]",7.0,3.4311556816101074
7,1.224744871391589,3.1,2.335453150417209,1.7245591413886407,1.021405182655144e-14,9.65944879638414e-10,"[9.52102804e-02 6.20967592e-15 9.33789485e-02 1.47753000e-01
 9.69592296e-01 1.64181589e+00 1.72346636e+00 1.72455463e+00
 1.72455868e+00 1.72455914e+00 1.72455914e+00 1.72455914e+00
 1.72455914e+00 1.72455914e+00 1.72455914e+00 1.72455914e+00
 1.72455914e+00 1.72455914e+00 1.72455914e+00 1.72455914e+00]",8.675669694242063e-12,"[0.00000000e+00 0.00000000e+00 6.23749942e-10 1.52634709e-13
 3.24290824e-12 5.31102028e-14 3.34523197e-14 4.62958746e-14
 3.29000722e-14 3.46006821e-14 3.39424029e-14 3.64763507e-14
 3.27185261e-14 4.38164512e-14 3.24753570e-14 2.25514377e-14
 2.97340125e-14 3.29999409e-14 3.37438835e-14 2.35440635e+00]","[0.00000000e+00 0.00000000e+00 1.55937486e-10 1.90793386e-14
 2.02681765e-13 1.65969384e-15 5.22692495e-16 3.61686520e-16
 1.28515907e-16 6.75794572e-17 3.31468778e-17 1.78107181e-17
 7.98792141e-18 5.34868788e-18 1.98213849e-18 6.88215263e-19
 4.53705025e-19 2.51769568e-19 1.28722700e-19 4.49067373e-06]",8.0,3.346179485321045
8,1.224744871391589,3.1,2.3354531504172096,1.724559141433053,4.440892098500626e-16,4.441225165408014e-11,"[9.52102804e-02 6.20967592e-15 9.33789699e-02 1.47753022e-01
 9.69592358e-01 1.64181591e+00 1.72346636e+00 1.72455463e+00
 1.72455868e+00 1.72455914e+00 1.72455914e+00 1.72455914e+00
 1.72455914e+00 1.72455914e+00 1.72455914e+00 1.72455914e+00
 1.72455914e+00 1.72455914e+00 1.72455914e+00 1.72455914e+00]",5.702614179572131e-14,"[0.00000000e+00 0.00000000e+00 4.07090664e-12 3.24209756e-14
 4.21735780e-14 3.33151326e-14 2.98363482e-14 2.72057120e-14
 4.39279473e-14 4.11720306e-14 4.35119557e-14 4.29322445e-14
 4.83313696e-14 2.81594274e-14 4.70858154e-14 3.89898602e-14
 3.81054737e-14 3.14723738e-14 2.76792945e-14 2.53665924e+00]","[0.00000000e+00 0.00000000e+00 1.01772666e-12 4.05262195e-15
 2.63584862e-15 1.04109789e-15 4.66192941e-16 2.12544625e-16
 1.71593544e-16 8.04141223e-17 4.24921442e-17 2.09630100e-17
 1.17996508e-17 3.43743010e-18 2.87389010e-18 1.18987610e-18
 5.81443385e-19 2.40115157e-19 1.05588129e-19 4.83829353e-06]",9.0,3.345576286315918
9,1.224744871391589,3.1,2.3354531504172082,1.7245591414346335,1.3322676295501878e-15,1.5805134978563729e-12,"[9.52102804e-02 6.20967592e-15 9.33789711e-02 1.47753022e-01
 9.69592358e-01 1.64181591e+00 1.72346636e+00 1.72455463e+00
 1.72455868e+00 1.72455914e+00 1.72455914e+00 1.72455914e+00
 1.72455914e+00 1.72455914e+00 1.72455914e+00 1.72455914e+00
 1.72455914e+00 1.72455914e+00 1.72455914e+00 1.72455914e+00]",1.0017797451666208e-15,"[0.00000000e+00 0.00000000e+00 3.87321670e-14 3.52477987e-14
 2.81815438e-14 3.13694679e-14 3.69483506e-14 4.49907422e-14
 3.68125286e-14 2.89320394e-14 3.25688369e-14 4.41241906e-14
 3.97608083e-14 4.16572579e-14 3.75149740e-14 3.35995999e-14
 3.68147987e-14 3.16885675e-14 4.10530597e-14 2.62757375e+00]","[0.00000000e+00 0.00000000e+00 9.68304175e-15 4.40597483e-15
 1.76134648e-15 9.80295873e-16 5.77317977e-16 3.51490173e-16
 1.43798940e-16 5.65078895e-17 3.18055048e-17 2.15450150e-17
 9.70722858e-18 5.08511449e-18 2.28973230e-18 1.02537842e-18
 5.61749247e-19 2.41764583e-19 1.56604995e-19 5.01169920e-06]",10.0,3.329430103302002
10,1.224744871391589,3.1,2.3354531504172087,1.7245591414346535,4.440892098500626e-16,1.9984014443252818e-14,"[9.52102804e-02 6.20967592e-15 9.33789712e-02 1.47753022e-01
 9.69592358e-01 1.64181591e+00 1.72346636e+00 1.72455463e+00
 1.72455868e+00 1.72455914e+00 1.72455914e+00 1.72455914e+00
 1.72455914e+00 1.72455914e+00 1.72455914e+00 1.72455914e+00
 1.72455914e+00 1.72455914e+00 1.72455914e+00 1.72455914e+00]",8.53070747089783e-16,"[0.00000000e+00 0.00000000e+00 2.45050767e-14 2.94023382e-14
 5.07450830e-14 3.39306829e-14 3.75545457e-14 5.25647460e-14
 4.86526412e-14 3.84641708e-14 3.22107037e-14 2.75690817e-14
 2.89322032e-14 3.20064746e-14 2.77072633e-14 3.43569615e-14
 2.36861309e-14 2.55674634e-14 3.21256742e-14 2.58881881e+00]","[0.00000000e+00 0.00000000e+00 6.12626918e-15 3.67529228e-15
 3.17156769e-15 1.06033384e-15 5.86789777e-16 4.10662078e-16
 1.90049380e-16 7.51253336e-17 3.14557653e-17 1.34614657e-17
 7.06352618e-18 3.90704036e-18 1.69111714e-18 1.04849126e-18
 3.61421675e-19 1.95064265e-19 1.22549722e-19 4.93778003e-06]",11.0,3.120358943939209
11,1.224744871391589,3.1,2.3354531504172082,1.7245591414346493,4.440892098500626e-16,4.218847493575595e-15,"[9.52102804e-02 6.20967592e-15 9.33789712e-02 1.47753022e-01
 9.69592358e-01 1.64181591e+00 1.72346636e+00 1.72455463e+00
 1.72455868e+00 1.72455914e+00 1.72455914e+00 1.72455914e+00
 1.72455914e+00 1.72455914e+00 1.72455914e+00 1.72455914e+00
 1.72455914e+00 1.72455914e+00 1.72455914e+00 1.72455914e+00]",7.807319982869639e-16,"[0.00000000e+00 0.00000000e+00 2.13740460e-14 3.07828347e-14
 3.65053552e-14 4.22378994e-14 4.51201224e-14 3.84435026e-14
 3.00650623e-14 3.44944662e-14 3.69246997e-14 3.50042650e-14
 3.51114358e-14 3.76610380e-14 3.46384389e-14 3.30284834e-14
 2.92945776e-14 3.22325563e-14 2.59121211e-14 2.63327959e+00]","[0.00000000e+00 0.00000000e+00 5.34351149e-15 3.84785434e-15
 2.28158470e-15 1.31993436e-15 7.05001912e-16 3.00339864e-16
 1.17441650e-16 6.73720043e-17 3.60592771e-17 1.70919263e-17
 8.57212787e-18 4.59729468e-18 2.11416253e-18 1.00794932e-18
 4.46999780e-19 2.45914889e-19 9.88468973e-20 5.02258223e-06]",12.0,3.236767053604126
12,1.224744871391589,3.1,2.3354531504172074,1.724559141434648,8.881784197001252e-16,1.3322676295501878e-15,"[9.52102804e-02 6.20967592e-15 9.33789712e-02 1.47753022e-01
 9.69592358e-01 1.64181591e+00 1.72346636e+00 1.72455463e+00
 1.72455868e+00 1.72455914e+00 1.72455914e+00 1.72455914e+00
 1.72455914e+00 1.72455914e+00 1.72455914e+00 1.72455914e+00
 1.72455914e+00 1.72455914e+00 1.72455914e+00 1.72455914e+00]",9.196044803999968e-16,"[0.00000000e+00 0.00000000e+00 2.98196382e-14 3.08954250e-14
 5.04628789e-14 3.16116351e-14 3.66771344e-14 3.28413818e-14
 3.77672201e-14 2.87541433e-14 3.35233394e-14 2.79845407e-14
 2.90812421e-14 2.85498644e-14 3.70885258e-14 3.31726298e-14
 2.99101733e-14 2.46266178e-14 3.18345077e-14 2.87653930e+00]","[0.00000000e+00 0.00000000e+00 7.45490954e-15 3.86192812e-15
 3.15392993e-15 9.87863596e-16 5.73080225e-16 2.56573295e-16
 1.47528204e-16 5.61604362e-17 3.27376361e-17 1.36643265e-17
 7.09991262e-18 3.48509087e-18 2.26370397e-18 1.01234832e-18
 4.56393025e-19 1.87886183e-19 1.21439009e-19 5.48656330e-06]",13.0,3.157372236251831
13,1.224744871391589,3.1,2.3354531504172087,1.724559141434649,1.3322676295501878e-15,1.1102230246251565e-15,"[9.52102804e-02 6.20967592e-15 9.33789712e-02 1.47753022e-01
 9.69592358e-01 1.64181591e+00 1.72346636e+00 1.72455463e+00
 1.72455868e+00 1.72455914e+00 1.72455914e+00 1.72455914e+00
 1.72455914e+00 1.72455914e+00 1.72455914e+00 1.72455914e+00
 1.72455914e+00 1.72455914e+00 1.72455914e+00 1.72455914e+00]",8.930207702461087e-16,"[0.00000000e+00 0.00000000e+00 3.25221883e-14 2.61421340e-14
 4.34038294e-14 2.92240162e-14 3.23461795e-14 3.12597079e-14
 4.33958103e-14 3.09642181e-14 3.73301311e-14 4.02578589e-14
 2.99330524e-14 2.60302810e-14 3.40930762e-14 3.13657023e-14
 3.40511754e-14 3.89758785e-14 3.10833922e-14 2.70410812e+00]","[0.00000000e+00 0.00000000e+00 8.13054708e-15 3.26776675e-15
 2.71273934e-15 9.13250507e-16 5.05409055e-16 2.44216468e-16
 1.69514884e-16 6.04769886e-17 3.64552062e-17 1.96571577e-17
 7.30787411e-18 3.17752453e-18 2.08087623e-18 9.57205270e-19
 5.19579703e-19 2.97362354e-19 1.18573731e-19 5.15767693e-06]",14.0,3.1744089126586914
14,1.224744871391589,3.1,2.335453150417208,1.7245591414346497,8.881784197001252e-16,6.661338147750939e-16,"[9.52102804e-02 6.20967592e-15 9.33789712e-02 1.47753022e-01
 9.69592358e-01 1.64181591e+00 1.72346636e+00 1.72455463e+00
 1.72455868e+00 1.72455914e+00 1.72455914e+00 1.72455914e+00
 1.72455914e+00 1.72455914e+00 1.72455914e+00 1.72455914e+00
 1.72455914e+00 1.72455914e+00 1.72455914e+00 1.72455914e+00]",9.035960406157456e-16,"[0.00000000e+00 0.00000000e+00 3.21595024e-14 2.63412248e-14
 4.24655979e-14 3.69063689e-14 4.07148678e-14 2.72791668e-14
 3.86952274e-14 2.80062217e-14 3.64107794e-14 3.77403293e-14
 3.02429794e-14 3.72062275e-14 3.55076113e-14 2.65546494e-14
 3.08252185e-14 3.62276007e-14 3.12745921e-14 2.80116158e+00]","[0.00000000e+00 0.00000000e+00 8.03987559e-15 3.29265310e-15
 2.65409987e-15 1.15332403e-15 6.36169809e-16 2.13118491e-16
 1.51153232e-16 5.46996518e-17 3.55574017e-17 1.84278952e-17
 7.38353988e-18 4.54177582e-18 2.16721261e-18 8.10383588e-19
 4.70355507e-19 2.76394659e-19 1.19303101e-19 5.34279170e-06]",15.0,3.3548967838287354
15,1.224744871391589,3.1,2.3354531504172082,1.724559141434649,4.440892098500626e-16,6.661338147750939e-16,"[9.52102804e-02 6.20967592e-15 9.33789712e-02 1.47753022e-01
 9.69592358e-01 1.64181591e+00 1.72346636e+00 1.72455463e+00
 1.72455868e+00 1.72455914e+00 1.72455914e+00 1.72455914e+00
 1.72455914e+00 1.72455914e+00 1.72455914e+00 1.72455914e+00
 1.72455914e+00 1.72455914e+00 1.72455914e+00 1.72455914e+00]",8.180559697983235e-16,"[0.00000000e+00 0.00000000e+00 2.73945937e-14 2.88713882e-14
 3.53581085e-14 3.23531498e-14 3.60089318e-14 2.46626384e-14
 4.54078552e-14 2.91729368e-14 2.77347550e-14 3.01235692e-14
 3.35016104e-14 2.99888871e-14 2.44146933e-14 3.28488309e-14
 3.43998398e-14 2.59084160e-14 2.58289147e-14 2.85810525e+00]","[0.00000000e+00 0.00000000e+00 6.84864843e-15 3.60892352e-15
 2.20988178e-15 1.01103593e-15 5.62639560e-16 1.92676862e-16
 1.77374435e-16 5.69783921e-17 2.70847217e-17 1.47087740e-17
 8.17910409e-18 3.66075282e-18 1.49015462e-18 1.00246676e-18
 5.24899899e-19 1.97665527e-19 9.85294901e-20 5.45140315e-06]",16.0,3.197279930114746
16,1.224744871391589,3.1,2.335453150417207,1.724559141434648,1.3322676295501878e-15,1.1102230246251565e-15,"[9.52102804e-02 6.20967592e-15 9.33789712e-02 1.47753022e-01
 9.69592358e-01 1.64181591e+00 1.72346636e+00 1.72455463e+00
 1.72455868e+00 1.72455914e+00 1.72455914e+00 1.72455914e+00
 1.72455914e+00 1.72455914e+00 1.72455914e+00 1.72455914e+00
 1.72455914e+00 1.72455914e+00 1.72455914e+00 1.72455914e+00]",9.432444785687782e-16,"[0.00000000e+00 0.00000000e+00 3.29243572e-14 3.12604781e-14
 4.28594928e-14 3.27230643e-14 4.02422563e-14 3.42784005e-14
 2.99156504e-14 2.96796964e-14 4.16736436e-14 2.60706170e-14
 2.19282990e-14 3.30269187e-14 3.94783357e-14 3.33151924e-14
 3.48584471e-14 3.35557100e-14 2.06089183e-14 2.43604999e+00]","[0.00000000e+00 0.00000000e+00 8.23108929e-15 3.90755976e-15
 2.67871830e-15 1.02259576e-15 6.28785255e-16 2.67800004e-16
 1.16858009e-16 5.79681570e-17 4.06969176e-17 1.27297935e-17
 5.35358863e-18 4.03160628e-18 2.40956639e-18 1.01669899e-18
 5.31897691e-19 2.56009750e-19 7.86167844e-20 4.64639663e-06]",17.0,3.2734053134918213
17,1.224744871391589,3.1,2.335453150417207,1.7245591414346475,0.0,4.440892098500626e-16,"[9.52102804e-02 6.20967592e-15 9.33789712e-02 1.47753022e-01
 9.69592358e-01 1.64181591e+00 1.72346636e+00 1.72455463e+00
 1.72455868e+00 1.72455914e+00 1.72455914e+00 1.72455914e+00
 1.72455914e+00 1.72455914e+00 1.72455914e+00 1.72455914e+00
 1.72455914e+00 1.72455914e+00 1.72455914e+00 1.72455914e+00]",9.38988602832623e-16,"[0.00000000e+00 0.00000000e+00 3.54013047e-14 2.99710521e-14
 3.40784462e-14 3.34347695e-14 3.79996675e-14 3.37932746e-14
 3.64314423e-14 3.52180007e-14 2.89571109e-14 3.25632884e-14
 3.30278971e-14 4.15087112e-14 3.45410692e-14 4.69992119e-14
 2.39042973e-14 3.68735182e-14 3.56858836e-14 2.34804368e+00]","[0.00000000e+00 0.00000000e+00 8.85032616e-15 3.74638151e-15
 2.12990289e-15 1.04483655e-15 5.93744805e-16 2.64009958e-16
 1.42310321e-16 6.87851576e-17 2.82784286e-17 1.59000432e-17
 8.06345144e-18 5.06698134e-18 2.10821956e-18 1.43430212e-18
 3.64750630e-19 2.81322618e-19 1.36130843e-19 4.47853790e-06]",18.0,3.1839492321014404
18,1.224744871391589,3.1,2.335453150417208,1.724559141434648,8.881784197001252e-16,4.440892098500626e-16,"[9.52102804e-02 6.20967592e-15 9.33789712e-02 1.47753022e-01
 9.69592358e-01 1.64181591e+00 1.72346636e+00 1.72455463e+00
 1.72455868e+00 1.72455914e+00 1.72455914e+00 1.72455914e+00
 1.72455914e+00 1.72455914e+00 1.72455914e+00 1.72455914e+00
 1.72455914e+00 1.72455914e+00 1.72455914e+00 1.72455914e+00]",8.834780692266477e-16,"[0.00000000e+00 0.00000000e+00 3.24226354e-14 2.39014291e-14
 4.33183224e-14 3.44988126e-14 3.04202950e-14 3.67443452e-14
 3.58615921e-14 3.09355835e-14 3.13935201e-14 3.23034521e-14
 2.85681185e-14 3.01845340e-14 3.15045822e-14 3.56946674e-14
 3.21921462e-14 3.97692742e-14 3.09160516e-14 2.09841845e+00]","[0.00000000e+00 0.00000000e+00 8.10565884e-15 2.98767864e-15
 2.70739515e-15 1.07808789e-15 4.75317110e-16 2.87065197e-16
 1.40084344e-16 6.04210616e-17 3.06577345e-17 1.57731700e-17
 6.97463830e-18 3.68463550e-18 1.92288710e-18 1.08931480e-18
 4.91213168e-19 3.03415483e-19 1.17935378e-19 4.00241555e-06]",19.0,3.1934878826141357
19,1.224744871391589,3.1,2.3354531504172082,1.724559141434648,4.440892098500626e-16,0.0,"[9.52102804e-02 6.20967592e-15 9.33789712e-02 1.47753022e-01
 9.69592358e-01 1.64181591e+00 1.72346636e+00 1.72455463e+00
 1.72455868e+00 1.72455914e+00 1.72455914e+00 1.72455914e+00
 1.72455914e+00 1.72455914e+00 1.72455914e+00 1.72455914e+00
 1.72455914e+00 1.72455914e+00 1.72455914e+00 1.72455914e+00]",8.793340855965584e-16,"[0.00000000e+00 0.00000000e+00 3.31201562e-14 2.40490885e-14
 3.80286814e-14 3.05303847e-14 4.36123033e-14 2.99352304e-14
 3.69705196e-14 4.43783743e-14 3.75372993e-14 2.57051155e-14
 2.64684983e-14 4.34534099e-14 3.19851418e-14 2.97675440e-14
 3.09496620e-14 3.39920160e-14 3.29138202e-14 2.09497831e+00]","[0.00000000e+00 0.00000000e+00 8.28003905e-15 3.00613606e-15
 2.37679259e-15 9.54074521e-16 6.81442239e-16 2.33868988e-16
 1.44416092e-16 8.66765123e-17 3.66575188e-17 1.25513259e-17
 6.46203571e-18 5.30437132e-18 1.95221813e-18 9.08433348e-19
 4.72254363e-19 2.59338501e-19 1.25556260e-19 3.99585402e-06]",20.0,3.1901438236236572
20,1.224744871391589,3.1,2.3354531504172082,1.7245591414346484,0.0,4.440892098500626e-16,"[9.52102804e-02 6.20967592e-15 9.33789712e-02 1.47753022e-01
 9.69592358e-01 1.64181591e+00 1.72346636e+00 1.72455463e+00
 1.72455868e+00 1.72455914e+00 1.72455914e+00 1.72455914e+00
 1.72455914e+00 1.72455914e+00 1.72455914e+00 1.72455914e+00
 1.72455914e+00 1.72455914e+00 1.72455914e+00 1.72455914e+00]",8.363800762558624e-16,"[0.00000000e+00 0.00000000e+00 2.75456267e-14 3.05226988e-14
 2.88966594e-14 4.17532891e-14 4.22006181e-14 3.88559455e-14
 3.90929150e-14 3.41805982e-14 2.67138455e-14 3.61288563e-14
 3.10377176e-14 3.33780087e-14 4.55808540e-14 3.27986399e-14
 2.54162906e-14 3.95611168e-14 3.70224823e-14 2.57823752e+00]","[0.00000000e+00 0.00000000e+00 6.88640668e-15 3.81533735e-15
 1.80604121e-15 1.30479028e-15 6.59384658e-16 3.03562074e-16
 1.52706699e-16 6.67589809e-17 2.60877397e-17 1.76410431e-17
 7.57756778e-18 4.07446395e-18 2.78203455e-18 1.00093506e-18
 3.87821816e-19 3.01827368e-19 1.41229562e-19 4.91759781e-06]",21.0,3.2989439964294434
21,1.224744871391589,3.1,2.335453150417208,1.7245591414346488,4.440892098500626e-16,4.440892098500626e-16,"[9.52102804e-02 6.20967592e-15 9.33789712e-02 1.47753022e-01
 9.69592358e-01 1.64181591e+00 1.72346636e+00 1.72455463e+00
 1.72455868e+00 1.72455914e+00 1.72455914e+00 1.72455914e+00
 1.72455914e+00 1.72455914e+00 1.72455914e+00 1.72455914e+00
 1.72455914e+00 1.72455914e+00 1.72455914e+00 1.72455914e+00]",8.688281729651329e-16,"[0.00000000e+00 0.00000000e+00 3.53811182e-14 2.24583858e-14
 3.00912365e-14 3.67255006e-14 2.83700008e-14 3.09817741e-14
 3.38543676e-14 3.78855995e-14 3.29507318e-14 3.85063318e-14
 2.90189064e-14 3.82262555e-14 3.23064071e-14 3.00783902e-14
 2.70070344e-14 4.67485337e-14 3.78224944e-14 2.46920107e+00]","[0.00000000e+00 0.00000000e+00 8.84527955e-15 2.80729822e-15
 1.88070228e-15 1.14767189e-15 4.43281262e-16 2.42045110e-16
 1.32243623e-16 7.39953116e-17 3.21784490e-17 1.88019198e-17
 7.08469395e-18 4.66629096e-18 1.97182661e-18 9.17919624e-19
 4.12094641e-19 3.56663007e-19 1.44281366e-19 4.70962728e-06]",22.0,3.4767556190490723
22,1.224744871391589,3.1,2.3354531504172082,1.7245591414346466,4.440892098500626e-16,2.220446049250313e-15,"[9.52102804e-02 6.20967592e-15 9.33789712e-02 1.47753022e-01
 9.69592358e-01 1.64181591e+00 1.72346636e+00 1.72455463e+00
 1.72455868e+00 1.72455914e+00 1.72455914e+00 1.72455914e+00
 1.72455914e+00 1.72455914e+00 1.72455914e+00 1.72455914e+00
 1.72455914e+00 1.72455914e+00 1.72455914e+00 1.72455914e+00]",8.793123418832737e-16,"[0.00000000e+00 0.00000000e+00 2.80807745e-14 3.54063609e-14
 3.58455228e-14 3.52702446e-14 3.57092848e-14 3.06904216e-14
 3.14983157e-14 2.91679019e-14 3.01193007e-14 3.47037412e-14
 3.07154574e-14 3.35409699e-14 2.50009428e-14 3.60719627e-14
 3.47492076e-14 3.26293582e-14 2.62116220e-14 2.55684471e+00]","[0.00000000e+00 0.00000000e+00 7.02019363e-15 4.42579511e-15
 2.24034517e-15 1.10219514e-15 5.57957575e-16 2.39768919e-16
 1.23040296e-16 5.69685584e-17 2.94133796e-17 1.69451862e-17
 7.49889097e-18 4.09435668e-18 1.52593645e-18 1.10082894e-18
 5.30230830e-19 2.48942247e-19 9.99894029e-20 4.87679426e-06]",23.0,5.632756471633911
23,1.224744871391589,3.1,2.3354531504172082,1.7245591414346482,0.0,1.5543122344752192e-15,"[9.52102804e-02 6.20967592e-15 9.33789712e-02 1.47753022e-01
 9.69592358e-01 1.64181591e+00 1.72346636e+00 1.72455463e+00
 1.72455868e+00 1.72455914e+00 1.72455914e+00 1.72455914e+00
 1.72455914e+00 1.72455914e+00 1.72455914e+00 1.72455914e+00
 1.72455914e+00 1.72455914e+00 1.72455914e+00 1.72455914e+00]",8.665610303542972e-16,"[0.00000000e+00 0.00000000e+00 3.07019345e-14 2.55265612e-14
 4.35819177e-14 3.18408869e-14 3.09359457e-14 3.31888114e-14
 3.47386981e-14 3.61451447e-14 3.12375821e-14 3.59491959e-14
 3.85436679e-14 2.39349198e-14 3.01254308e-14 3.30182685e-14
 2.80905006e-14 3.61578004e-14 3.08120962e-14 2.85132111e+00]","[0.00000000e+00 0.00000000e+00 7.67548363e-15 3.19082015e-15
 2.72386986e-15 9.95027716e-16 4.83374152e-16 2.59287589e-16
 1.35698040e-16 7.05959858e-17 3.05054512e-17 1.75533183e-17
 9.41007517e-18 2.92174315e-18 1.83871038e-18 1.00763759e-18
 4.28627023e-19 2.75862124e-19 1.17538819e-19 5.43846341e-06]",24.0,5.626546144485474
24,1.224744871391589,3.1,2.3354531504172082,1.724559141434649,0.0,8.881784197001252e-16,"[9.52102804e-02 6.20967592e-15 9.33789712e-02 1.47753022e-01
 9.69592358e-01 1.64181591e+00 1.72346636e+00 1.72455463e+00
 1.72455868e+00 1.72455914e+00 1.72455914e+00 1.72455914e+00
 1.72455914e+00 1.72455914e+00 1.72455914e+00 1.72455914e+00
 1.72455914e+00 1.72455914e+00 1.72455914e+00 1.72455914e+00]",9.45867338928419e-16,"[0.00000000e+00 0.00000000e+00 3.86931850e-14 2.18894386e-14
 3.91993458e-14 3.70219753e-14 3.43360919e-14 3.02262420e-14
 2.84458126e-14 3.12517816e-14 3.28655882e-14 3.40444322e-14
 3.26304793e-14 2.98554666e-14 3.46461354e-14 3.71679347e-14
 3.90993050e-14 3.48892349e-14 3.19614967e-14 2.56665079e+00]","[0.00000000e+00 0.00000000e+00 9.67329624e-15 2.73617982e-15
 2.44995911e-15 1.15693673e-15 5.36501435e-16 2.36142516e-16
 1.11116456e-16 6.10386360e-17 3.20953010e-17 1.66232579e-17
 7.96642562e-18 3.64446614e-18 2.11463229e-18 1.13427535e-18
 5.96608048e-19 2.66183738e-19 1.21923434e-19 4.89549788e-06]",25.0,5.7974371910095215
25,1.224744871391589,3.1,2.335453150417208,1.7245591414346464,4.440892098500626e-16,2.6645352591003757e-15,"[9.52102804e-02 6.20967592e-15 9.33789712e-02 1.47753022e-01
 9.69592358e-01 1.64181591e+00 1.72346636e+00 1.72455463e+00
 1.72455868e+00 1.72455914e+00 1.72455914e+00 1.72455914e+00
 1.72455914e+00 1.72455914e+00 1.72455914e+00 1.72455914e+00
 1.72455914e+00 1.72455914e+00 1.72455914e+00 1.72455914e+00]",8.592298430671519e-16,"[0.00000000e+00 0.00000000e+00 3.40028265e-14 2.20205650e-14
 3.49775522e-14 2.94814716e-14 3.91851671e-14 3.26788877e-14
 3.19576867e-14 3.01230184e-14 2.53586931e-14 2.88239106e-14
 3.05737978e-14 2.97514200e-14 3.68171449e-14 4.06556985e-14
 3.24359254e-14 4.04717111e-14 3.43337177e-14 2.38785648e+00]","[0.00000000e+00 0.00000000e+00 8.50070662e-15 2.75257062e-15
 2.18609701e-15 9.21295987e-16 6.12268237e-16 2.55303810e-16
 1.24834714e-16 5.88340203e-17 2.47643487e-17 1.40741751e-17
 7.46430612e-18 3.63176514e-18 2.24714019e-18 1.24071346e-18
 4.94932944e-19 3.08774651e-19 1.30972739e-19 4.55447479e-06]",26.0,5.625138521194458
26,1.224744871391589,3.1,2.335453150417208,1.724559141434649,0.0,2.6645352591003757e-15,"[9.52102804e-02 6.20967592e-15 9.33789712e-02 1.47753022e-01
 9.69592358e-01 1.64181591e+00 1.72346636e+00 1.72455463e+00
 1.72455868e+00 1.72455914e+00 1.72455914e+00 1.72455914e+00
 1.72455914e+00 1.72455914e+00 1.72455914e+00 1.72455914e+00
 1.72455914e+00 1.72455914e+00 1.72455914e+00 1.72455914e+00]",1.0385821508975253e-15,"[0.00000000e+00 0.00000000e+00 3.94928458e-14 3.22119809e-14
 4.66612030e-14 2.80497612e-14 3.07702022e-14 3.34165965e-14
 3.67878765e-14 2.67862544e-14 3.28423826e-14 3.22322637e-14
 3.66024104e-14 3.21676659e-14 3.00304967e-14 2.64276100e-14
 3.16966162e-14 2.90126924e-14 3.13844019e-14 2.57567527e+00]","[0.00000000e+00 0.00000000e+00 9.87321144e-15 4.02649761e-15
 2.91632519e-15 8.76555037e-16 4.80784409e-16 2.61067160e-16
 1.43702643e-16 5.23169032e-17 3.20726393e-17 1.57384100e-17
 8.93613534e-18 3.92671703e-18 1.83291606e-18 8.06506652e-19
 4.83651981e-19 2.21349277e-19 1.19721992e-19 4.91271070e-06]",27.0,5.717669725418091
27,1.224744871391589,3.1,2.335453150417209,1.7245591414346486,1.3322676295501878e-15,4.440892098500626e-16,"[9.52102804e-02 6.20967592e-15 9.33789712e-02 1.47753022e-01
 9.69592358e-01 1.64181591e+00 1.72346636e+00 1.72455463e+00
 1.72455868e+00 1.72455914e+00 1.72455914e+00 1.72455914e+00
 1.72455914e+00 1.72455914e+00 1.72455914e+00 1.72455914e+00
 1.72455914e+00 1.72455914e+00 1.72455914e+00 1.72455914e+00]",8.650800620713573e-16,"[0.00000000e+00 0.00000000e+00 3.11290469e-14 3.00876206e-14
 3.09975368e-14 3.07349675e-14 3.84677979e-14 3.25000381e-14
 3.27384135e-14 4.13618286e-14 3.97283243e-14 2.80127433e-14
 2.64433767e-14 3.53359304e-14 3.29175406e-14 2.85950163e-14
 2.53811444e-14 3.46263124e-14 3.04007100e-14 2.64297972e+00]","[0.00000000e+00 0.00000000e+00 7.78226172e-15 3.76095257e-15
 1.93734605e-15 9.60467736e-16 6.01059342e-16 2.53906548e-16
 1.27884428e-16 8.07848216e-17 3.87971917e-17 1.36780973e-17
 6.45590251e-18 4.31346806e-18 2.00912723e-18 8.72650645e-19
 3.87285528e-19 2.64177798e-19 1.15969505e-19 5.04108376e-06]",28.0,5.7900071144104
28,1.224744871391589,3.1,2.3354531504172074,1.724559141434647,1.7763568394002505e-15,1.5543122344752192e-15,"[9.52102804e-02 6.20967592e-15 9.33789712e-02 1.47753022e-01
 9.69592358e-01 1.64181591e+00 1.72346636e+00 1.72455463e+00
 1.72455868e+00 1.72455914e+00 1.72455914e+00 1.72455914e+00
 1.72455914e+00 1.72455914e+00 1.72455914e+00 1.72455914e+00
 1.72455914e+00 1.72455914e+00 1.72455914e+00 1.72455914e+00]",9.962856326148355e-16,"[0.00000000e+00 0.00000000e+00 3.65037247e-14 3.57579710e-14
 3.56165582e-14 3.29040221e-14 3.81766195e-14 3.30995794e-14
 2.81902931e-14 3.35501948e-14 2.57820811e-14 3.05037048e-14
 2.29889670e-14 2.47808325e-14 2.78643133e-14 4.14333508e-14
 3.03097124e-14 3.86236858e-14 3.43823764e-14 2.58311972e+00]","[0.00000000e+00 0.00000000e+00 9.12593118e-15 4.46974638e-15
 2.22603489e-15 1.02825069e-15 5.96509680e-16 2.58590464e-16
 1.10118332e-16 6.55277243e-17 2.51778135e-17 1.48943871e-17
 5.61254076e-18 3.02500396e-18 1.70070271e-18 1.26444552e-18
 4.62489508e-19 2.94675337e-19 1.31158357e-19 4.92690987e-06]",29.0,5.764639377593994
29,1.224744871391589,3.1,2.335453150417209,1.7245591414346497,1.7763568394002505e-15,2.6645352591003757e-15,"[9.52102804e-02 6.20967592e-15 9.33789712e-02 1.47753022e-01
 9.69592358e-01 1.64181591e+00 1.72346636e+00 1.72455463e+00
 1.72455868e+00 1.72455914e+00 1.72455914e+00 1.72455914e+00
 1.72455914e+00 1.72455914e+00 1.72455914e+00 1.72455914e+00
 1.72455914e+00 1.72455914e+00 1.72455914e+00 1.72455914e+00]",8.469807151294733e-16,"[0.00000000e+00 0.00000000e+00 2.74852932e-14 2.82122558e-14
 4.21085682e-14 3.51235148e-14 4.00615412e-14 2.89442447e-14
 3.88709112e-14 2.95401670e-14 2.34315698e-14 3.90018011e-14
 2.94956856e-14 3.04718417e-14 3.69732433e-14 3.28306947e-14
 2.77433259e-14 3.27235380e-14 2.68089622e-14 2.43621505e+00]","[0.00000000e+00 0.00000000e+00 6.87132331e-15 3.52653197e-15
 2.63178551e-15 1.09760984e-15 6.25961582e-16 2.26126912e-16
 1.51839497e-16 5.76956386e-17 2.28823924e-17 1.90438482e-17
 7.20109512e-18 3.71970724e-18 2.25666768e-18 1.00191329e-18
 4.23329557e-19 2.49660782e-19 1.02268075e-19 4.64671145e-06]",30.0,3.342294692993164
30,1.224744871391589,3.1,2.3354531504172082,1.724559141434648,8.881784197001252e-16,1.7763568394002505e-15,"[9.52102804e-02 6.20967592e-15 9.33789712e-02 1.47753022e-01
 9.69592358e-01 1.64181591e+00 1.72346636e+00 1.72455463e+00
 1.72455868e+00 1.72455914e+00 1.72455914e+00 1.72455914e+00
 1.72455914e+00 1.72455914e+00 1.72455914e+00 1.72455914e+00
 1.72455914e+00 1.72455914e+00 1.72455914e+00 1.72455914e+00]",8.450243309535564e-16,"[0.00000000e+00 0.00000000e+00 2.54009934e-14 3.09876875e-14
 4.18273799e-14 4.05976408e-14 3.92529403e-14 2.97471364e-14
 2.95394670e-14 3.64457318e-14 3.80048978e-14 3.18596911e-14
 4.43353580e-14 3.29766388e-14 3.23345355e-14 3.53160102e-14
 4.06253689e-14 4.60663507e-14 3.34584482e-14 2.46531332e+00]","[0.00000000e+00 0.00000000e+00 6.35024836e-15 3.87346094e-15
 2.61421124e-15 1.26867628e-15 6.13327192e-16 2.32399503e-16
 1.15388543e-16 7.11830699e-17 3.71141580e-17 1.55564898e-17
 1.08240620e-17 4.02546861e-18 1.97354342e-18 1.07775910e-18
 6.19893934e-19 3.51458364e-19 1.27633851e-19 4.70221199e-06]",31.0,3.363503932952881
31,1.224744871391589,3.1,2.3354531504172087,1.7245591414346488,4.440892098500626e-16,8.881784197001252e-16,"[9.52102804e-02 6.20967592e-15 9.33789712e-02 1.47753022e-01
 9.69592358e-01 1.64181591e+00 1.72346636e+00 1.72455463e+00
 1.72455868e+00 1.72455914e+00 1.72455914e+00 1.72455914e+00
 1.72455914e+00 1.72455914e+00 1.72455914e+00 1.72455914e+00
 1.72455914e+00 1.72455914e+00 1.72455914e+00 1.72455914e+00]",8.471103078425048e-16,"[0.00000000e+00 0.00000000e+00 2.58306738e-14 3.11441701e-14
 4.36157132e-14 3.44916169e-14 3.76986696e-14 2.88747687e-14
 3.95175724e-14 3.23952422e-14 3.18900727e-14 3.10708598e-14
 3.36990811e-14 2.72222228e-14 2.74186022e-14 3.17722522e-14
 2.83128616e-14 3.25028921e-14 3.30768058e-14 2.39111920e+00]","[0.00000000e+00 0.00000000e+00 6.45766844e-15 3.89302126e-15
 2.72598207e-15 1.07786303e-15 5.89041713e-16 2.25584130e-16
 1.54365517e-16 6.32719574e-17 3.11426491e-17 1.51713183e-17
 8.22731473e-18 3.32302524e-18 1.67349867e-18 9.69612187e-19
 4.32019983e-19 2.47977387e-19 1.26178000e-19 4.56069794e-06]",32.0,3.333261728286743
32,1.224744871391589,3.1,2.335453150417209,1.724559141434648,4.440892098500626e-16,8.881784197001252e-16,"[9.52102804e-02 6.20967592e-15 9.33789712e-02 1.47753022e-01
 9.69592358e-01 1.64181591e+00 1.72346636e+00 1.72455463e+00
 1.72455868e+00 1.72455914e+00 1.72455914e+00 1.72455914e+00
 1.72455914e+00 1.72455914e+00 1.72455914e+00 1.72455914e+00
 1.72455914e+00 1.72455914e+00 1.72455914e+00 1.72455914e+00]",8.475485537888989e-16,"[0.00000000e+00 0.00000000e+00 2.80430801e-14 2.71749112e-14
 4.11589258e-14 3.63687974e-14 3.30498141e-14 4.24118141e-14
 4.53753454e-14 3.05922836e-14 2.67715730e-14 2.79362552e-14
 3.06373882e-14 2.80519188e-14 3.61215770e-14 3.01502404e-14
 2.69805680e-14 4.10429533e-14 2.97234253e-14 2.23916869e+00]","[0.00000000e+00 0.00000000e+00 7.01077002e-15 3.39686390e-15
 2.57243286e-15 1.13652492e-15 5.16403345e-16 3.31342298e-16
 1.77247443e-16 5.97505539e-17 2.61441143e-17 1.36407496e-17
 7.47983111e-18 3.42430649e-18 2.20468610e-18 9.20112318e-19
 4.11690796e-19 3.13132883e-19 1.13385869e-19 4.27087534e-06]",33.0,3.3462376594543457
33,1.224744871391589,3.1,2.3354531504172074,1.7245591414346482,1.7763568394002505e-15,2.220446049250313e-16,"[9.52102804e-02 6.20967592e-15 9.33789712e-02 1.47753022e-01
 9.69592358e-01 1.64181591e+00 1.72346636e+00 1.72455463e+00
 1.72455868e+00 1.72455914e+00 1.72455914e+00 1.72455914e+00
 1.72455914e+00 1.72455914e+00 1.72455914e+00 1.72455914e+00
 1.72455914e+00 1.72455914e+00 1.72455914e+00 1.72455914e+00]",9.63573339855115e-16,"[0.00000000e+00 0.00000000e+00 3.21299343e-14 2.83247586e-14
 5.24860219e-14 4.39437804e-14 3.71414849e-14 3.59367730e-14
 3.23959564e-14 3.32720042e-14 3.47952282e-14 3.18447643e-14
 3.09812381e-14 3.32126940e-14 3.38268818e-14 3.26899390e-14
 3.26261584e-14 3.83174126e-14 4.24893224e-14 2.28534914e+00]","[0.00000000e+00 0.00000000e+00 8.03248356e-15 3.54059482e-15
 3.28037637e-15 1.37324314e-15 5.80335702e-16 2.80756039e-16
 1.26546705e-16 6.49843831e-17 3.39797151e-17 1.55492013e-17
 7.56377882e-18 4.05428394e-18 2.06462902e-18 9.97617768e-19
 4.97835668e-19 2.92338658e-19 1.62083902e-19 4.35895755e-06]",34.0,3.3502607345581055
34,1.224744871391589,3.1,2.3354531504172074,1.7245591414346484,0.0,2.220446049250313e-16,"[9.52102804e-02 6.20967592e-15 9.33789712e-02 1.47753022e-01
 9.69592358e-01 1.64181591e+00 1.72346636e+00 1.72455463e+00
 1.72455868e+00 1.72455914e+00 1.72455914e+00 1.72455914e+00
 1.72455914e+00 1.72455914e+00 1.72455914e+00 1.72455914e+00
 1.72455914e+00 1.72455914e+00 1.72455914e+00 1.72455914e+00]",8.495258335945761e-16,"[0.00000000e+00 0.00000000e+00 2.73846476e-14 2.96800440e-14
 4.25508386e-14 3.17062139e-14 3.54414401e-14 3.45396982e-14
 3.79082499e-14 2.68413147e-14 3.17684611e-14 2.84065323e-14
 3.75932956e-14 2.96979910e-14 2.65164954e-14 2.88803910e-14
 2.94114032e-14 3.76760174e-14 2.98283847e-14 2.60618000e+00]","[0.00000000e+00 0.00000000e+00 6.84616189e-15 3.71000550e-15
 2.65942741e-15 9.90819185e-16 5.53772501e-16 2.69841392e-16
 1.48079101e-16 5.24244428e-17 3.10238878e-17 1.38703771e-17
 9.17805069e-18 3.62524305e-18 1.61843844e-18 8.81359589e-19
 4.48782398e-19 2.87445201e-19 1.13786258e-19 4.97089387e-06]",35.0,3.336867332458496
35,1.224744871391589,3.1,2.3354531504172087,1.7245591414346482,1.3322676295501878e-15,2.220446049250313e-16,"[9.52102804e-02 6.20967592e-15 9.33789712e-02 1.47753022e-01
 9.69592358e-01 1.64181591e+00 1.72346636e+00 1.72455463e+00
 1.72455868e+00 1.72455914e+00 1.72455914e+00 1.72455914e+00
 1.72455914e+00 1.72455914e+00 1.72455914e+00 1.72455914e+00
 1.72455914e+00 1.72455914e+00 1.72455914e+00 1.72455914e+00]",7.862283513317214e-16,"[0.00000000e+00 0.00000000e+00 3.03824324e-14 2.23902206e-14
 2.51127089e-14 3.13646473e-14 3.71010542e-14 3.91797633e-14
 4.70771115e-14 3.76925213e-14 2.96043753e-14 3.55387016e-14
 4.16620551e-14 3.22137205e-14 4.05401085e-14 3.47252562e-14
 3.31161726e-14 4.18778665e-14 3.76604661e-14 2.63992536e+00]","[0.00000000e+00 0.00000000e+00 7.59560811e-15 2.79877757e-15
 1.56954431e-15 9.80145227e-16 5.79703972e-16 3.06091901e-16
 1.83894967e-16 7.36182057e-17 2.89105227e-17 1.73528816e-17
 1.01714002e-17 3.93233893e-18 2.47437186e-18 1.05973072e-18
 5.05312692e-19 3.19502766e-19 1.43663277e-19 5.03525802e-06]",36.0,3.3298726081848145
36,1.224744871391589,3.1,2.3354531504172096,1.7245591414346493,8.881784197001252e-16,1.1102230246251565e-15,"[9.52102804e-02 6.20967592e-15 9.33789712e-02 1.47753022e-01
 9.69592358e-01 1.64181591e+00 1.72346636e+00 1.72455463e+00
 1.72455868e+00 1.72455914e+00 1.72455914e+00 1.72455914e+00
 1.72455914e+00 1.72455914e+00 1.72455914e+00 1.72455914e+00
 1.72455914e+00 1.72455914e+00 1.72455914e+00 1.72455914e+00]",8.171374557196066e-16,"[0.00000000e+00 0.00000000e+00 2.68743823e-14 2.91610005e-14
 3.40612314e-14 3.56440963e-14 3.37256773e-14 3.73643618e-14
 4.44597550e-14 2.35933211e-14 3.18914680e-14 2.77994388e-14
 3.92306165e-14 3.99117937e-14 3.54839446e-14 4.11326924e-14
 2.96321659e-14 5.02279029e-14 3.35672762e-14 2.42747328e+00]","[0.00000000e+00 0.00000000e+00 6.71859558e-15 3.64512506e-15
 2.12882696e-15 1.11387801e-15 5.26963709e-16 2.91909077e-16
 1.73670918e-16 4.60807052e-17 3.11440117e-17 1.35739447e-17
 9.57778723e-18 4.87204513e-18 2.16576810e-18 1.25527015e-18
 4.52150969e-19 3.83208488e-19 1.28048997e-19 4.63003783e-06]",37.0,3.3382928371429443
37,1.224744871391589,3.1,2.3354531504172087,1.724559141434649,8.881784197001252e-16,2.220446049250313e-16,"[9.52102804e-02 6.20967592e-15 9.33789712e-02 1.47753022e-01
 9.69592358e-01 1.64181591e+00 1.72346636e+00 1.72455463e+00
 1.72455868e+00 1.72455914e+00 1.72455914e+00 1.72455914e+00
 1.72455914e+00 1.72455914e+00 1.72455914e+00 1.72455914e+00
 1.72455914e+00 1.72455914e+00 1.72455914e+00 1.72455914e+00]",8.544037478757269e-16,"[0.00000000e+00 0.00000000e+00 2.96931001e-14 3.16376697e-14
 3.36501972e-14 2.42657292e-14 3.97160829e-14 3.49822644e-14
 3.17736170e-14 3.34318730e-14 2.74062985e-14 3.09506784e-14
 2.65392544e-14 3.76201166e-14 3.02525893e-14 3.04069849e-14
 3.56991579e-14 3.93163306e-14 2.27577544e-14 2.46090532e+00]","[0.00000000e+00 0.00000000e+00 7.42327502e-15 3.95470872e-15
 2.10313732e-15 7.58304039e-16 6.20563795e-16 2.73298940e-16
 1.24115691e-16 6.52966270e-17 2.67639634e-17 1.51126359e-17
 6.47931016e-18 4.59229939e-18 1.84647151e-18 9.27947536e-19
 5.44725919e-19 2.99959798e-19 8.68139435e-20 4.69380440e-06]",38.0,3.159541606903076
38,1.224744871391589,3.1,2.335453150417208,1.7245591414346482,8.881784197001252e-16,8.881784197001252e-16,"[9.52102804e-02 6.20967592e-15 9.33789712e-02 1.47753022e-01
 9.69592358e-01 1.64181591e+00 1.72346636e+00 1.72455463e+00
 1.72455868e+00 1.72455914e+00 1.72455914e+00 1.72455914e+00
 1.72455914e+00 1.72455914e+00 1.72455914e+00 1.72455914e+00
 1.72455914e+00 1.72455914e+00 1.72455914e+00 1.72455914e+00]",9.219766115720214e-16,"[0.00000000e+00 0.00000000e+00 3.13096811e-14 3.47439458e-14
 3.28293982e-14 3.62201943e-14 4.14416072e-14 4.46205357e-14
 3.03663789e-14 3.48144089e-14 2.74766391e-14 3.04822362e-14
 3.84454549e-14 3.09907668e-14 3.41030357e-14 3.54552628e-14
 2.50687164e-14 3.62697004e-14 3.65280598e-14 2.23153569e+00]","[0.00000000e+00 0.00000000e+00 7.82742029e-15 4.34299322e-15
 2.05183738e-15 1.13188107e-15 6.47525112e-16 3.48597935e-16
 1.18618668e-16 6.79968924e-17 2.68326554e-17 1.48839044e-17
 9.38609738e-18 3.78305258e-18 2.08148411e-18 1.08200875e-18
 3.82518256e-19 2.76715854e-19 1.39343490e-19 4.25631654e-06]",39.0,3.3338699340820312
39,1.224744871391589,3.1,2.3354531504172087,1.7245591414346493,8.881784197001252e-16,1.1102230246251565e-15,"[9.52102804e-02 6.20967592e-15 9.33789712e-02 1.47753022e-01
 9.69592358e-01 1.64181591e+00 1.72346636e+00 1.72455463e+00
 1.72455868e+00 1.72455914e+00 1.72455914e+00 1.72455914e+00
 1.72455914e+00 1.72455914e+00 1.72455914e+00 1.72455914e+00
 1.72455914e+00 1.72455914e+00 1.72455914e+00 1.72455914e+00]",9.843575778722658e-16,"[0.00000000e+00 0.00000000e+00 4.12570570e-14 2.88244685e-14
 2.69520447e-14 3.27208981e-14 3.49910345e-14 3.39140248e-14
 3.60452219e-14 3.50998044e-14 4.56826834e-14 2.60045838e-14
 3.24239991e-14 3.18219619e-14 3.03072387e-14 4.06813906e-14
 3.16256923e-14 4.64775284e-14 4.12053379e-14 2.26992799e+00]","[0.00000000e+00 0.00000000e+00 1.03142643e-14 3.60305856e-15
 1.68450279e-15 1.02252807e-15 5.46734914e-16 2.64953319e-16
 1.40801648e-16 6.85543055e-17 4.46119955e-17 1.26975507e-17
 7.91601541e-18 3.88451683e-18 1.84980705e-18 1.24149752e-18
 4.82569768e-19 3.54595401e-19 1.57185890e-19 4.32954404e-06]",40.0,3.3228700160980225
40,1.224744871391589,3.1,2.335453150417208,1.7245591414346482,8.881784197001252e-16,1.1102230246251565e-15,"[9.52102804e-02 6.20967592e-15 9.33789712e-02 1.47753022e-01
 9.69592358e-01 1.64181591e+00 1.72346636e+00 1.72455463e+00
 1.72455868e+00 1.72455914e+00 1.72455914e+00 1.72455914e+00
 1.72455914e+00 1.72455914e+00 1.72455914e+00 1.72455914e+00
 1.72455914e+00 1.72455914e+00 1.72455914e+00 1.72455914e+00]",7.684795651415256e-16,"[0.00000000e+00 0.00000000e+00 2.72716578e-14 2.62079505e-14
 2.58461317e-14 3.47972356e-14 3.41666314e-14 3.22779840e-14
 3.36084615e-14 2.81325826e-14 3.26873916e-14 3.08227693e-14
 3.48911926e-14 3.58829303e-14 3.53027756e-14 3.01458442e-14
 3.02790693e-14 3.47892194e-14 2.60461667e-14 2.49532401e+00]","[0.00000000e+00 0.00000000e+00 6.81791446e-15 3.27599381e-15
 1.61538323e-15 1.08741361e-15 5.33853616e-16 2.52171750e-16
 1.31283053e-16 5.49464503e-17 3.19212809e-17 1.50501803e-17
 8.51835756e-18 4.38024051e-18 2.15471043e-18 9.19978155e-19
 4.62021932e-19 2.65420680e-19 9.93582410e-20 4.75945284e-06]",41.0,3.3351521492004395
41,1.224744871391589,3.1,2.3354531504172082,1.7245591414346473,4.440892098500626e-16,8.881784197001252e-16,"[9.52102804e-02 6.20967592e-15 9.33789712e-02 1.47753022e-01
 9.69592358e-01 1.64181591e+00 1.72346636e+00 1.72455463e+00
 1.72455868e+00 1.72455914e+00 1.72455914e+00 1.72455914e+00
 1.72455914e+00 1.72455914e+00 1.72455914e+00 1.72455914e+00
 1.72455914e+00 1.72455914e+00 1.72455914e+00 1.72455914e+00]",9.980298782155375e-16,"[0.00000000e+00 0.00000000e+00 3.30992257e-14 3.45901998e-14
 5.05222206e-14 2.91193723e-14 4.91487086e-14 3.18590119e-14
 4.09637286e-14 3.31480328e-14 2.70526066e-14 3.26984518e-14
 2.87567549e-14 2.73763422e-14 4.13929355e-14 2.62878335e-14
 2.71765293e-14 3.18286229e-14 3.20591839e-14 2.64418580e+00]","[0.00000000e+00 0.00000000e+00 8.27480643e-15 4.32377497e-15
 3.15763879e-15 9.09980386e-16 7.67948572e-16 2.48898530e-16
 1.60014565e-16 6.47422516e-17 2.64185612e-17 1.59660409e-17
 7.02069210e-18 3.34183865e-18 2.52642429e-18 8.02241014e-19
 4.14680928e-19 2.42833122e-19 1.22296081e-19 5.04338417e-06]",42.0,3.3558785915374756
42,1.224744871391589,3.1,2.3354531504172074,1.7245591414346484,8.881784197001252e-16,1.1102230246251565e-15,"[9.52102804e-02 6.20967592e-15 9.33789712e-02 1.47753022e-01
 9.69592358e-01 1.64181591e+00 1.72346636e+00 1.72455463e+00
 1.72455868e+00 1.72455914e+00 1.72455914e+00 1.72455914e+00
 1.72455914e+00 1.72455914e+00 1.72455914e+00 1.72455914e+00
 1.72455914e+00 1.72455914e+00 1.72455914e+00 1.72455914e+00]",9.345949508569897e-16,"[0.00000000e+00 0.00000000e+00 3.25290737e-14 2.85238999e-14
 4.50492967e-14 3.43110684e-14 4.43301607e-14 3.81670435e-14
 2.72170165e-14 3.07273292e-14 4.88393396e-14 3.22496819e-14
 3.51757824e-14 2.99764529e-14 3.66148119e-14 4.32791509e-14
 3.11544508e-14 3.43516653e-14 3.51994217e-14 2.67865262e+00]","[0.00000000e+00 0.00000000e+00 8.13226844e-15 3.56548749e-15
 2.81558104e-15 1.07222089e-15 6.92658760e-16 2.98180028e-16
 1.06316471e-16 6.00143149e-17 4.76946675e-17 1.57469150e-17
 8.58783750e-18 3.65923497e-18 2.23479077e-18 1.32077487e-18
 4.75379193e-19 2.62082407e-19 1.34275138e-19 5.10912441e-06]",43.0,3.354600191116333
43,1.224744871391589,3.1,2.3354531504172082,1.7245591414346484,8.881784197001252e-16,0.0,"[9.52102804e-02 6.20967592e-15 9.33789712e-02 1.47753022e-01
 9.69592358e-01 1.64181591e+00 1.72346636e+00 1.72455463e+00
 1.72455868e+00 1.72455914e+00 1.72455914e+00 1.72455914e+00
 1.72455914e+00 1.72455914e+00 1.72455914e+00 1.72455914e+00
 1.72455914e+00 1.72455914e+00 1.72455914e+00 1.72455914e+00]",9.83957666010754e-16,"[0.00000000e+00 0.00000000e+00 3.76336158e-14 2.77747729e-14
 4.67121703e-14 2.72299964e-14 3.61854737e-14 3.24049297e-14
 3.61861678e-14 2.63311247e-14 2.08959871e-14 3.27462475e-14
 2.35556902e-14 2.65239379e-14 3.56397809e-14 2.80738854e-14
 3.36395896e-14 3.51301656e-14 2.83974550e-14 2.69468772e+00]","[0.00000000e+00 0.00000000e+00 9.40840396e-15 3.47184662e-15
 2.91951064e-15 8.50937388e-16 5.65398027e-16 2.53163514e-16
 1.41352218e-16 5.14279778e-17 2.04062374e-17 1.59893787e-17
 5.75090092e-18 3.23778538e-18 2.17527960e-18 8.56746990e-19
 5.13299402e-19 2.68021893e-19 1.08327694e-19 5.13970893e-06]",44.0,3.335832118988037
44,1.224744871391589,3.1,2.3354531504172087,1.7245591414346484,4.440892098500626e-16,0.0,"[9.52102804e-02 6.20967592e-15 9.33789712e-02 1.47753022e-01
 9.69592358e-01 1.64181591e+00 1.72346636e+00 1.72455463e+00
 1.72455868e+00 1.72455914e+00 1.72455914e+00 1.72455914e+00
 1.72455914e+00 1.72455914e+00 1.72455914e+00 1.72455914e+00
 1.72455914e+00 1.72455914e+00 1.72455914e+00 1.72455914e+00]",8.122859176954952e-16,"[0.00000000e+00 0.00000000e+00 2.96407835e-14 2.62814308e-14
 3.07843148e-14 3.25680691e-14 3.07607371e-14 3.38254912e-14
 2.77490460e-14 3.34724787e-14 3.71979142e-14 2.62501231e-14
 3.27713557e-14 3.58819793e-14 3.37165519e-14 3.30773175e-14
 3.14530634e-14 3.39999886e-14 2.49949668e-14 2.64905156e+00]","[0.00000000e+00 0.00000000e+00 7.41019588e-15 3.28517885e-15
 1.92401968e-15 1.01775216e-15 4.80636517e-16 2.64261650e-16
 1.08394711e-16 6.53759350e-17 3.63260881e-17 1.28174429e-17
 8.00081925e-18 4.38012443e-18 2.05789502e-18 1.00943962e-18
 4.79935660e-19 2.59399327e-19 9.53482313e-20 5.05266486e-06]",45.0,3.353325843811035
45,1.224744871391589,3.1,2.335453150417208,1.7245591414346482,8.881784197001252e-16,2.220446049250313e-16,"[9.52102804e-02 6.20967592e-15 9.33789712e-02 1.47753022e-01
 9.69592358e-01 1.64181591e+00 1.72346636e+00 1.72455463e+00
 1.72455868e+00 1.72455914e+00 1.72455914e+00 1.72455914e+00
 1.72455914e+00 1.72455914e+00 1.72455914e+00 1.72455914e+00
 1.72455914e+00 1.72455914e+00 1.72455914e+00 1.72455914e+00]",9.382811271485843e-16,"[0.00000000e+00 0.00000000e+00 3.42592682e-14 2.62761681e-14
 4.51400357e-14 3.44395331e-14 4.04574668e-14 3.20270822e-14
 3.29294700e-14 3.33464996e-14 3.62212265e-14 3.28481756e-14
 2.66291351e-14 3.54286233e-14 3.62460345e-14 2.78591360e-14
 3.54871853e-14 3.57863971e-14 2.70934932e-14 2.64172174e+00]","[0.00000000e+00 0.00000000e+00 8.56481704e-15 3.28452101e-15
 2.82125223e-15 1.07623541e-15 6.32147920e-16 2.50211580e-16
 1.28630742e-16 6.51298821e-17 3.53722915e-17 1.60391482e-17
 6.50125369e-18 4.32478311e-18 2.21228238e-18 8.50193358e-19
 5.41491474e-19 2.73028542e-19 1.03353474e-19 5.03868434e-06]",46.0,3.332998275756836
46,1.224744871391589,3.1,2.3354531504172096,1.7245591414346508,1.7763568394002505e-15,2.6645352591003757e-15,"[9.52102804e-02 6.20967592e-15 9.33789712e-02 1.47753022e-01
 9.69592358e-01 1.64181591e+00 1.72346636e+00 1.72455463e+00
 1.72455868e+00 1.72455914e+00 1.72455914e+00 1.72455914e+00
 1.72455914e+00 1.72455914e+00 1.72455914e+00 1.72455914e+00
 1.72455914e+00 1.72455914e+00 1.72455914e+00 1.72455914e+00]",9.271171223273707e-16,"[0.00000000e+00 0.00000000e+00 3.61454215e-14 2.84206549e-14
 3.49008016e-14 3.17354258e-14 2.78405855e-14 3.02026013e-14
 3.61021572e-14 3.04577870e-14 2.46991631e-14 3.30140921e-14
 2.90437935e-14 3.44225292e-14 2.53006936e-14 2.65287097e-14
 3.07237015e-14 3.98588364e-14 2.78038988e-14 2.55349154e+00]","[0.00000000e+00 0.00000000e+00 9.03635539e-15 3.55258186e-15
 2.18130010e-15 9.91732057e-16 4.35009149e-16 2.35957822e-16
 1.41024052e-16 5.94878652e-17 2.41202765e-17 1.61201622e-17
 7.09076989e-18 4.20196889e-18 1.54423179e-18 8.09591972e-19
 4.68806480e-19 3.04098788e-19 1.06063457e-19 4.87039859e-06]",47.0,3.3596396446228027
47,1.224744871391589,3.1,2.3354531504172087,1.7245591414346473,8.881784197001252e-16,3.552713678800501e-15,"[9.52102804e-02 6.20967592e-15 9.33789712e-02 1.47753022e-01
 9.69592358e-01 1.64181591e+00 1.72346636e+00 1.72455463e+00
 1.72455868e+00 1.72455914e+00 1.72455914e+00 1.72455914e+00
 1.72455914e+00 1.72455914e+00 1.72455914e+00 1.72455914e+00
 1.72455914e+00 1.72455914e+00 1.72455914e+00 1.72455914e+00]",9.601187773773086e-16,"[0.00000000e+00 0.00000000e+00 3.39220169e-14 3.82241626e-14
 3.08299009e-14 3.87698029e-14 2.70281974e-14 2.66986742e-14
 3.58434202e-14 2.79178684e-14 2.82448348e-14 3.77141467e-14
 2.54950259e-14 3.11250232e-14 3.05766173e-14 3.36622320e-14
 3.47055614e-14 3.98435931e-14 3.35520195e-14 2.62399294e+00]","[0.00000000e+00 0.00000000e+00 8.48050424e-15 4.77802033e-15
 1.92686881e-15 1.21155634e-15 4.22315585e-16 2.08583392e-16
 1.40013360e-16 5.45270867e-17 2.75828465e-17 1.84151107e-17
 6.22437157e-18 3.79944131e-18 1.86624861e-18 1.02728980e-18
 5.29564840e-19 3.03982491e-19 1.27990797e-19 5.00486934e-06]",48.0,3.3345866203308105
48,1.224744871391589,3.1,2.3354531504172082,1.7245591414346477,4.440892098500626e-16,4.440892098500626e-16,"[9.52102804e-02 6.20967592e-15 9.33789712e-02 1.47753022e-01
 9.69592358e-01 1.64181591e+00 1.72346636e+00 1.72455463e+00
 1.72455868e+00 1.72455914e+00 1.72455914e+00 1.72455914e+00
 1.72455914e+00 1.72455914e+00 1.72455914e+00 1.72455914e+00
 1.72455914e+00 1.72455914e+00 1.72455914e+00 1.72455914e+00]",9.667126455504346e-16,"[0.00000000e+00 0.00000000e+00 3.22705696e-14 3.22663215e-14
 5.18160617e-14 3.38284161e-14 3.08219518e-14 3.70831713e-14
 2.62157190e-14 3.52886823e-14 3.12491539e-14 3.24928006e-14
 2.81418784e-14 3.17301566e-14 4.45116350e-14 3.23695449e-14
 2.97792193e-14 4.38133275e-14 2.70069769e-14 2.31879128e+00]","[0.00000000e+00 0.00000000e+00 8.06764240e-15 4.03329019e-15
 3.23850386e-15 1.05713800e-15 4.81592997e-16 2.89712275e-16
 1.02405152e-16 6.89232076e-17 3.05167518e-17 1.58656253e-17
 6.87057578e-18 3.87331013e-18 2.71677460e-18 9.87840116e-19
 4.54394825e-19 3.34269161e-19 1.03023441e-19 4.42274338e-06]",49.0,3.3396377563476562
49,1.224744871391589,3.1,2.3354531504172087,1.724559141434648,4.440892098500626e-16,2.220446049250313e-16,"[9.52102804e-02 6.20967592e-15 9.33789712e-02 1.47753022e-01
 9.69592358e-01 1.64181591e+00 1.72346636e+00 1.72455463e+00
 1.72455868e+00 1.72455914e+00 1.72455914e+00 1.72455914e+00
 1.72455914e+00 1.72455914e+00 1.72455914e+00 1.72455914e+00
 1.72455914e+00 1.72455914e+00 1.72455914e+00 1.72455914e+00]",8.801234718057159e-16,"[0.00000000e+00 0.00000000e+00 2.96364739e-14 2.89583334e-14
 3.92838217e-14 3.82391121e-14 3.85310913e-14 3.43476581e-14
 3.83219025e-14 3.38661190e-14 4.31683182e-14 3.94248103e-14
 3.20568813e-14 3.29059452e-14 2.89260078e-14 4.03376904e-14
 2.29727555e-14 3.60325409e-14 4.02998485e-14 2.46264926e+00]","[0.00000000e+00 0.00000000e+00 7.40911849e-15 3.61979168e-15
 2.45523886e-15 1.19497225e-15 6.02048301e-16 2.68341079e-16
 1.49694931e-16 6.61447637e-17 4.21565608e-17 1.92503957e-17
 7.82638704e-18 4.01683901e-18 1.76550341e-18 1.23100862e-18
 3.50536430e-19 2.74906470e-19 1.53731722e-19 4.69713070e-06]",50.0,3.34902286529541
50,1.224744871391589,3.1,2.335453150417209,1.724559141434649,4.440892098500626e-16,1.1102230246251565e-15,"[9.52102804e-02 6.20967592e-15 9.33789712e-02 1.47753022e-01
 9.69592358e-01 1.64181591e+00 1.72346636e+00 1.72455463e+00
 1.72455868e+00 1.72455914e+00 1.72455914e+00 1.72455914e+00
 1.72455914e+00 1.72455914e+00 1.72455914e+00 1.72455914e+00
 1.72455914e+00 1.72455914e+00 1.72455914e+00 1.72455914e+00]",7.649191291074911e-16,"[0.00000000e+00 0.00000000e+00 2.90112784e-14 2.13301202e-14
 2.89067275e-14 3.31020818e-14 2.93992001e-14 3.76546163e-14
 3.36002200e-14 3.46022796e-14 2.71035770e-14 2.84269323e-14
 3.32186139e-14 2.97252478e-14 3.29415741e-14 3.14577397e-14
 4.09090981e-14 3.85946491e-14 3.04621962e-14 2.64808495e+00]","[0.00000000e+00 0.00000000e+00 7.25281960e-15 2.66626503e-15
 1.80667047e-15 1.03444006e-15 4.59362502e-16 2.94176690e-16
 1.31250859e-16 6.75825774e-17 2.64683369e-17 1.38803380e-17
 8.11001316e-18 3.62857029e-18 2.01059412e-18 9.60014028e-19
 6.24223299e-19 2.94453805e-19 1.16204057e-19 5.05082120e-06]",51.0,3.325338363647461
51,1.224744871391589,3.1,2.335453150417208,1.7245591414346475,1.3322676295501878e-15,1.5543122344752192e-15,"[9.52102804e-02 6.20967592e-15 9.33789712e-02 1.47753022e-01
 9.69592358e-01 1.64181591e+00 1.72346636e+00 1.72455463e+00
 1.72455868e+00 1.72455914e+00 1.72455914e+00 1.72455914e+00
 1.72455914e+00 1.72455914e+00 1.72455914e+00 1.72455914e+00
 1.72455914e+00 1.72455914e+00 1.72455914e+00 1.72455914e+00]",9.993318966437117e-16,"[0.00000000e+00 0.00000000e+00 3.54240619e-14 2.72854229e-14
 5.05058708e-14 4.59881729e-14 4.00778159e-14 3.08583125e-14
 3.38755861e-14 3.31585451e-14 3.11304236e-14 3.35570265e-14
 3.60078878e-14 3.24450860e-14 3.05233879e-14 3.19848029e-14
 3.55521052e-14 2.99524680e-14 3.50905083e-14 2.66151906e+00]","[0.00000000e+00 0.00000000e+00 8.85601548e-15 3.41067786e-15
 3.15661693e-15 1.43713040e-15 6.26215874e-16 2.41080567e-16
 1.32326508e-16 6.47627834e-17 3.04008043e-17 1.63852668e-17
 8.79098822e-18 3.96058179e-18 1.86299975e-18 9.76098720e-19
 5.42482074e-19 2.28519196e-19 1.33859666e-19 5.07644475e-06]",52.0,3.146357536315918
52,1.224744871391589,3.1,2.3354531504172082,1.724559141434648,4.440892098500626e-16,4.440892098500626e-16,"[9.52102804e-02 6.20967592e-15 9.33789712e-02 1.47753022e-01
 9.69592358e-01 1.64181591e+00 1.72346636e+00 1.72455463e+00
 1.72455868e+00 1.72455914e+00 1.72455914e+00 1.72455914e+00
 1.72455914e+00 1.72455914e+00 1.72455914e+00 1.72455914e+00
 1.72455914e+00 1.72455914e+00 1.72455914e+00 1.72455914e+00]",9.134378457838752e-16,"[0.00000000e+00 0.00000000e+00 2.76151025e-14 4.39405771e-14
 3.35995155e-14 2.97622351e-14 2.92457826e-14 4.06692139e-14
 3.21905843e-14 3.01263235e-14 2.33110665e-14 3.32975657e-14
 3.96494063e-14 3.07127946e-14 3.10597444e-14 3.37753700e-14
 3.59424373e-14 3.77488647e-14 3.38223201e-14 2.36513255e+00]","[0.00000000e+00 0.00000000e+00 6.90377563e-15 5.49257214e-15
 2.09996972e-15 9.30069846e-16 4.56965352e-16 3.17728234e-16
 1.25744470e-16 5.88404757e-17 2.27647134e-17 1.62585770e-17
 9.68003083e-18 3.74912044e-18 1.89573635e-18 1.03074249e-18
 5.48438069e-19 2.88000982e-19 1.29021912e-19 4.51113234e-06]",53.0,3.162029981613159
53,1.224744871391589,3.1,2.3354531504172082,1.7245591414346475,0.0,4.440892098500626e-16,"[9.52102804e-02 6.20967592e-15 9.33789712e-02 1.47753022e-01
 9.69592358e-01 1.64181591e+00 1.72346636e+00 1.72455463e+00
 1.72455868e+00 1.72455914e+00 1.72455914e+00 1.72455914e+00
 1.72455914e+00 1.72455914e+00 1.72455914e+00 1.72455914e+00
 1.72455914e+00 1.72455914e+00 1.72455914e+00 1.72455914e+00]",9.386646638362516e-16,"[0.00000000e+00 0.00000000e+00 3.50544570e-14 3.10800647e-14
 3.40430593e-14 3.53256375e-14 3.12618833e-14 3.52960136e-14
 2.95058214e-14 3.38093162e-14 4.09452801e-14 3.35859726e-14
 2.61520022e-14 2.86039481e-14 3.37202253e-14 3.10005602e-14
 3.97797804e-14 4.50353407e-14 2.96417674e-14 2.30261344e+00]","[0.00000000e+00 0.00000000e+00 8.76361426e-15 3.88500809e-15
 2.12769121e-15 1.10392617e-15 4.88466927e-16 2.75750106e-16
 1.15257115e-16 6.60338206e-17 3.99856251e-17 1.63994007e-17
 6.38476617e-18 3.49169288e-18 2.05811922e-18 9.46062018e-19
 6.06991279e-19 3.43592382e-19 1.13074369e-19 4.39188660e-06]",54.0,3.3238472938537598
54,1.224744871391589,3.1,2.3354531504172074,1.7245591414346475,8.881784197001252e-16,0.0,"[9.52102804e-02 6.20967592e-15 9.33789712e-02 1.47753022e-01
 9.69592358e-01 1.64181591e+00 1.72346636e+00 1.72455463e+00
 1.72455868e+00 1.72455914e+00 1.72455914e+00 1.72455914e+00
 1.72455914e+00 1.72455914e+00 1.72455914e+00 1.72455914e+00
 1.72455914e+00 1.72455914e+00 1.72455914e+00 1.72455914e+00]",8.441849726363841e-16,"[0.00000000e+00 0.00000000e+00 3.02061576e-14 2.63246023e-14
 3.75030592e-14 2.90102205e-14 3.62519169e-14 3.64385492e-14
 2.97623188e-14 4.37296709e-14 2.34338513e-14 2.45211305e-14
 3.53153930e-14 2.61996711e-14 2.40053812e-14 2.82553579e-14
 4.39853718e-14 3.23358458e-14 3.33268847e-14 2.95471017e+00]","[0.00000000e+00 0.00000000e+00 7.55153941e-15 3.29057529e-15
 2.34394120e-15 9.06569392e-16 5.66436202e-16 2.84676165e-16
 1.16259058e-16 8.54095135e-17 2.28846204e-17 1.19732083e-17
 8.62192212e-18 3.19820204e-18 1.46517219e-18 8.62285091e-19
 6.71163510e-19 2.46702925e-19 1.27131976e-19 5.63566241e-06]",55.0,3.3346667289733887
55,1.224744871391589,3.1,2.335453150417209,1.7245591414346486,1.7763568394002505e-15,1.1102230246251565e-15,"[9.52102804e-02 6.20967592e-15 9.33789712e-02 1.47753022e-01
 9.69592358e-01 1.64181591e+00 1.72346636e+00 1.72455463e+00
 1.72455868e+00 1.72455914e+00 1.72455914e+00 1.72455914e+00
 1.72455914e+00 1.72455914e+00 1.72455914e+00 1.72455914e+00
 1.72455914e+00 1.72455914e+00 1.72455914e+00 1.72455914e+00]",8.061716696718194e-16,"[0.00000000e+00 0.00000000e+00 2.54955473e-14 3.33925133e-14
 3.23244828e-14 3.07683440e-14 2.88401749e-14 3.28943005e-14
 3.74440285e-14 3.35164633e-14 3.28622929e-14 3.01597632e-14
 2.89912008e-14 4.03566052e-14 2.60528862e-14 2.78496285e-14
 3.33568181e-14 3.07070140e-14 2.39708717e-14 2.84850175e+00]","[0.00000000e+00 0.00000000e+00 6.37388682e-15 4.17406417e-15
 2.02028017e-15 9.61510750e-16 4.50627733e-16 2.56986722e-16
 1.46265736e-16 6.54618424e-17 3.20920829e-17 1.47264469e-17
 7.07792988e-18 4.92634340e-18 1.59014198e-18 8.49903215e-19
 5.08984652e-19 2.34275924e-19 9.14416187e-20 5.43308591e-06]",56.0,3.340395212173462
56,1.224744871391589,3.1,2.3354531504172082,1.7245591414346473,8.881784197001252e-16,1.3322676295501878e-15,"[9.52102804e-02 6.20967592e-15 9.33789712e-02 1.47753022e-01
 9.69592358e-01 1.64181591e+00 1.72346636e+00 1.72455463e+00
 1.72455868e+00 1.72455914e+00 1.72455914e+00 1.72455914e+00
 1.72455914e+00 1.72455914e+00 1.72455914e+00 1.72455914e+00
 1.72455914e+00 1.72455914e+00 1.72455914e+00 1.72455914e+00]",9.918790821412537e-16,"[0.00000000e+00 0.00000000e+00 3.42473022e-14 3.48838061e-14
 4.86832492e-14 2.76192194e-14 2.71815564e-14 4.07517095e-14
 3.76532758e-14 2.94629621e-14 4.28468861e-14 3.99964630e-14
 3.82851238e-14 2.61294415e-14 3.42019433e-14 3.99332328e-14
 3.53683594e-14 3.29426141e-14 2.50430769e-14 2.64944908e+00]","[0.00000000e+00 0.00000000e+00 8.56182556e-15 4.36047577e-15
 3.04270308e-15 8.63100605e-16 4.24711819e-16 3.18372731e-16
 1.47083109e-16 5.75448478e-17 4.18426622e-17 1.95295229e-17
 9.34695406e-18 3.18962909e-18 2.08752095e-18 1.21866555e-18
 5.39678336e-19 2.51332200e-19 9.55317570e-20 5.05342308e-06]",57.0,3.3442986011505127
57,1.224744871391589,3.1,2.3354531504172074,1.724559141434649,8.881784197001252e-16,1.7763568394002505e-15,"[9.52102804e-02 6.20967592e-15 9.33789712e-02 1.47753022e-01
 9.69592358e-01 1.64181591e+00 1.72346636e+00 1.72455463e+00
 1.72455868e+00 1.72455914e+00 1.72455914e+00 1.72455914e+00
 1.72455914e+00 1.72455914e+00 1.72455914e+00 1.72455914e+00
 1.72455914e+00 1.72455914e+00 1.72455914e+00 1.72455914e+00]",9.314955663860703e-16,"[0.00000000e+00 0.00000000e+00 3.45791302e-14 3.15344077e-14
 3.14992507e-14 3.63709783e-14 3.54009065e-14 3.38412428e-14
 3.42153959e-14 2.79994866e-14 3.65068551e-14 3.67032321e-14
 3.29812834e-14 3.02374575e-14 3.31137436e-14 3.32034779e-14
 3.84699642e-14 3.13111884e-14 3.43022922e-14 2.49801587e+00]","[0.00000000e+00 0.00000000e+00 8.64478256e-15 3.94180096e-15
 1.96870317e-15 1.13659307e-15 5.53139164e-16 2.64384710e-16
 1.33653890e-16 5.46864973e-17 3.56512257e-17 1.79215001e-17
 8.05207115e-18 3.69109589e-18 2.02110251e-18 1.01328973e-18
 5.87005069e-19 2.38885410e-19 1.30852860e-19 4.76458715e-06]",58.0,3.3555145263671875
58,1.224744871391589,3.1,2.335453150417209,1.7245591414346486,1.7763568394002505e-15,4.440892098500626e-16,"[9.52102804e-02 6.20967592e-15 9.33789712e-02 1.47753022e-01
 9.69592358e-01 1.64181591e+00 1.72346636e+00 1.72455463e+00
 1.72455868e+00 1.72455914e+00 1.72455914e+00 1.72455914e+00
 1.72455914e+00 1.72455914e+00 1.72455914e+00 1.72455914e+00
 1.72455914e+00 1.72455914e+00 1.72455914e+00 1.72455914e+00]",8.997156418645906e-16,"[0.00000000e+00 0.00000000e+00 3.03237470e-14 2.83903829e-14
 4.61247302e-14 3.21178735e-14 4.37770541e-14 3.06934855e-14
 3.02853704e-14 4.05947037e-14 2.72551250e-14 3.33304017e-14
 2.77295036e-14 3.45878046e-14 2.59345023e-14 3.45138899e-14
 2.77704068e-14 4.28272564e-14 3.16881637e-14 2.46733498e+00]","[0.00000000e+00 0.00000000e+00 7.58093675e-15 3.54879787e-15
 2.88279563e-15 1.00368355e-15 6.84016471e-16 2.39792855e-16
 1.18302228e-16 7.92865306e-17 2.66163330e-17 1.62746102e-17
 6.76989834e-18 4.22214412e-18 1.58291640e-18 1.05328033e-18
 4.23742780e-19 3.26746036e-19 1.20880752e-19 4.70606800e-06]",59.0,3.3444628715515137
59,1.224744871391589,3.1,2.335453150417209,1.724559141434649,0.0,4.440892098500626e-16,"[9.52102804e-02 6.20967592e-15 9.33789712e-02 1.47753022e-01
 9.69592358e-01 1.64181591e+00 1.72346636e+00 1.72455463e+00
 1.72455868e+00 1.72455914e+00 1.72455914e+00 1.72455914e+00
 1.72455914e+00 1.72455914e+00 1.72455914e+00 1.72455914e+00
 1.72455914e+00 1.72455914e+00 1.72455914e+00 1.72455914e+00]",8.741242400838917e-16,"[0.00000000e+00 0.00000000e+00 2.93477731e-14 3.21490075e-14
 3.91220410e-14 2.95041348e-14 2.44870848e-14 4.24597265e-14
 3.94125479e-14 4.10755018e-14 3.00951692e-14 3.43119847e-14
 3.55072885e-14 3.50096003e-14 3.10481295e-14 3.85258203e-14
 3.76059479e-14 3.88588025e-14 2.76936952e-14 2.47666623e+00]","[0.00000000e+00 0.00000000e+00 7.33694328e-15 4.01862594e-15
 2.44512756e-15 9.22004213e-16 3.82610699e-16 3.31716613e-16
 1.53955265e-16 8.02255895e-17 2.93898137e-17 1.67538988e-17
 8.66877159e-18 4.27363285e-18 1.89502744e-18 1.17571473e-18
 5.73821227e-19 2.96469135e-19 1.05643063e-19 4.72386594e-06]",60.0,3.338545560836792
60,1.224744871391589,3.1,2.3354531504172074,1.724559141434648,1.7763568394002505e-15,1.1102230246251565e-15,"[9.52102804e-02 6.20967592e-15 9.33789712e-02 1.47753022e-01
 9.69592358e-01 1.64181591e+00 1.72346636e+00 1.72455463e+00
 1.72455868e+00 1.72455914e+00 1.72455914e+00 1.72455914e+00
 1.72455914e+00 1.72455914e+00 1.72455914e+00 1.72455914e+00
 1.72455914e+00 1.72455914e+00 1.72455914e+00 1.72455914e+00]",8.202635853787297e-16,"[0.00000000e+00 0.00000000e+00 2.55883583e-14 3.08627161e-14
 3.46836315e-14 3.55152374e-14 4.43618158e-14 2.99787509e-14
 4.26642587e-14 3.94731725e-14 3.28430556e-14 3.09228507e-14
 2.55151037e-14 3.15203803e-14 3.85235827e-14 2.91982901e-14
 2.65123781e-14 2.95482409e-14 3.24915592e-14 2.68080220e+00]","[0.00000000e+00 0.00000000e+00 6.39708957e-15 3.85783951e-15
 2.16772697e-15 1.10985117e-15 6.93153373e-16 2.34208991e-16
 1.66657261e-16 7.70960400e-17 3.20732964e-17 1.50990482e-17
 6.22927335e-18 3.84770267e-18 2.35129289e-18 8.91061101e-19
 4.04546785e-19 2.25435188e-19 1.23945462e-19 5.11322440e-06]",61.0,3.340869188308716
61,1.224744871391589,3.1,2.335453150417208,1.724559141434649,4.440892098500626e-16,1.1102230246251565e-15,"[9.52102804e-02 6.20967592e-15 9.33789712e-02 1.47753022e-01
 9.69592358e-01 1.64181591e+00 1.72346636e+00 1.72455463e+00
 1.72455868e+00 1.72455914e+00 1.72455914e+00 1.72455914e+00
 1.72455914e+00 1.72455914e+00 1.72455914e+00 1.72455914e+00
 1.72455914e+00 1.72455914e+00 1.72455914e+00 1.72455914e+00]",8.513038393141012e-16,"[0.00000000e+00 0.00000000e+00 3.12327140e-14 2.49028973e-14
 3.96396619e-14 2.94516038e-14 2.92950778e-14 3.65214181e-14
 3.83965112e-14 3.05708978e-14 2.12175833e-14 3.10174890e-14
 3.71881885e-14 2.89215352e-14 2.26449671e-14 3.69227197e-14
 3.30036895e-14 4.52120364e-14 3.14571508e-14 2.67376731e+00]","[0.00000000e+00 0.00000000e+00 7.80817849e-15 3.11286217e-15
 2.47747887e-15 9.20362619e-16 4.57735591e-16 2.85323579e-16
 1.49986372e-16 5.97087848e-17 2.07202962e-17 1.51452583e-17
 9.07914759e-18 3.53046083e-18 1.38213910e-18 1.12679198e-18
 5.03596336e-19 3.44940463e-19 1.19999507e-19 5.09980642e-06]",62.0,3.3223817348480225
62,1.224744871391589,3.1,2.33545315041721,1.7245591414346488,2.220446049250313e-15,2.220446049250313e-16,"[9.52102804e-02 6.20967592e-15 9.33789712e-02 1.47753022e-01
 9.69592358e-01 1.64181591e+00 1.72346636e+00 1.72455463e+00
 1.72455868e+00 1.72455914e+00 1.72455914e+00 1.72455914e+00
 1.72455914e+00 1.72455914e+00 1.72455914e+00 1.72455914e+00
 1.72455914e+00 1.72455914e+00 1.72455914e+00 1.72455914e+00]",8.568381091800648e-16,"[0.00000000e+00 0.00000000e+00 2.61114471e-14 3.79637030e-14
 3.76936667e-14 2.64523450e-14 2.91603875e-14 3.20978706e-14
 3.38881513e-14 3.22206974e-14 2.84736069e-14 4.18167927e-14
 3.81024999e-14 3.01034086e-14 3.95162211e-14 3.78028762e-14
 3.42365180e-14 3.66235017e-14 2.47217785e-14 2.64045394e+00]","[0.00000000e+00 0.00000000e+00 6.52786176e-15 4.74546288e-15
 2.35585417e-15 8.26635781e-16 4.55631055e-16 2.50764614e-16
 1.32375591e-16 6.29310496e-17 2.78062567e-17 2.04183558e-17
 9.30236813e-18 3.67473249e-18 2.41187873e-18 1.15365223e-18
 5.22407806e-19 2.79415143e-19 9.43061007e-20 5.03626621e-06]",63.0,3.3380656242370605
63,1.224744871391589,3.1,2.3354531504172087,1.7245591414346493,1.3322676295501878e-15,4.440892098500626e-16,"[9.52102804e-02 6.20967592e-15 9.33789712e-02 1.47753022e-01
 9.69592358e-01 1.64181591e+00 1.72346636e+00 1.72455463e+00
 1.72455868e+00 1.72455914e+00 1.72455914e+00 1.72455914e+00
 1.72455914e+00 1.72455914e+00 1.72455914e+00 1.72455914e+00
 1.72455914e+00 1.72455914e+00 1.72455914e+00 1.72455914e+00]",8.98098693890391e-16,"[0.00000000e+00 0.00000000e+00 2.91240263e-14 3.25279731e-14
 4.30014309e-14 3.51137777e-14 3.17613152e-14 3.71586348e-14
 2.98052022e-14 3.62953576e-14 2.78111041e-14 3.79434943e-14
 3.03807449e-14 2.87175776e-14 2.62588505e-14 3.50750846e-14
 3.24056247e-14 2.79522813e-14 2.80813707e-14 2.68809873e+00]","[0.00000000e+00 0.00000000e+00 7.28100658e-15 4.06599663e-15
 2.68758943e-15 1.09730555e-15 4.96270550e-16 2.90301834e-16
 1.16426571e-16 7.08893704e-17 2.71592814e-17 1.85270968e-17
 7.41717404e-18 3.50556367e-18 1.60271304e-18 1.07040663e-18
 4.94470591e-19 2.13258982e-19 1.07121928e-19 5.12714143e-06]",64.0,3.340993881225586
64,1.224744871391589,3.1,2.3354531504172082,1.7245591414346482,4.440892098500626e-16,1.1102230246251565e-15,"[9.52102804e-02 6.20967592e-15 9.33789712e-02 1.47753022e-01
 9.69592358e-01 1.64181591e+00 1.72346636e+00 1.72455463e+00
 1.72455868e+00 1.72455914e+00 1.72455914e+00 1.72455914e+00
 1.72455914e+00 1.72455914e+00 1.72455914e+00 1.72455914e+00
 1.72455914e+00 1.72455914e+00 1.72455914e+00 1.72455914e+00]",8.155640038669691e-16,"[0.00000000e+00 0.00000000e+00 2.13772167e-14 2.43967099e-14
 5.82190484e-14 4.45830671e-14 4.31896788e-14 3.91830531e-14
 3.91986177e-14 3.28665802e-14 2.61761395e-14 3.38691090e-14
 2.78146085e-14 2.80260404e-14 3.82216333e-14 2.79332496e-14
 2.22124189e-14 3.18425442e-14 3.69707896e-14 2.26544095e+00]","[0.00000000e+00 0.00000000e+00 5.34430418e-15 3.04958874e-15
 3.63869052e-15 1.39322085e-15 6.74838731e-16 3.06117603e-16
 1.53119600e-16 6.41925394e-17 2.55626362e-17 1.65376509e-17
 6.79067591e-18 3.42114751e-18 2.33286336e-18 8.52455128e-19
 3.38934614e-19 2.42939333e-19 1.41032370e-19 4.32098569e-06]",65.0,3.3307881355285645
65,1.224744871391589,3.1,2.3354531504172087,1.7245591414346477,4.440892098500626e-16,4.440892098500626e-16,"[9.52102804e-02 6.20967592e-15 9.33789712e-02 1.47753022e-01
 9.69592358e-01 1.64181591e+00 1.72346636e+00 1.72455463e+00
 1.72455868e+00 1.72455914e+00 1.72455914e+00 1.72455914e+00
 1.72455914e+00 1.72455914e+00 1.72455914e+00 1.72455914e+00
 1.72455914e+00 1.72455914e+00 1.72455914e+00 1.72455914e+00]",7.324651881170551e-16,"[0.00000000e+00 0.00000000e+00 2.44360969e-14 2.38700282e-14
 3.39071360e-14 3.10211230e-14 2.86314527e-14 3.18733154e-14
 4.33394718e-14 3.69451654e-14 3.35145089e-14 3.46747298e-14
 3.47491764e-14 2.94386215e-14 3.12874554e-14 2.86835208e-14
 2.32516975e-14 3.70160435e-14 2.37654233e-14 2.21427353e+00]","[0.00000000e+00 0.00000000e+00 6.10902421e-15 2.98375352e-15
 2.11919600e-15 9.69410094e-16 4.47366449e-16 2.49010276e-16
 1.69294812e-16 7.21585261e-17 3.27290126e-17 1.69310204e-17
 8.48368565e-18 3.59358172e-18 1.90963473e-18 8.75351587e-19
 3.54792748e-19 2.82409999e-19 9.06578954e-20 4.22339158e-06]",66.0,3.479168176651001
66,1.224744871391589,3.1,2.3354531504172074,1.7245591414346486,1.3322676295501878e-15,8.881784197001252e-16,"[9.52102804e-02 6.20967592e-15 9.33789712e-02 1.47753022e-01
 9.69592358e-01 1.64181591e+00 1.72346636e+00 1.72455463e+00
 1.72455868e+00 1.72455914e+00 1.72455914e+00 1.72455914e+00
 1.72455914e+00 1.72455914e+00 1.72455914e+00 1.72455914e+00
 1.72455914e+00 1.72455914e+00 1.72455914e+00 1.72455914e+00]",7.761009813543916e-16,"[0.00000000e+00 0.00000000e+00 2.64370616e-14 2.89634516e-14
 3.04509820e-14 2.68453962e-14 3.05449550e-14 3.57925786e-14
 3.39305368e-14 2.28356314e-14 3.06272325e-14 3.76482091e-14
 3.41716004e-14 3.33630975e-14 2.42912206e-14 3.42568085e-14
 2.74582002e-14 4.25582722e-14 4.23301175e-14 2.24966556e+00]","[0.00000000e+00 0.00000000e+00 6.60926539e-15 3.62043145e-15
 1.90318638e-15 8.38918631e-16 4.77264922e-16 2.79629520e-16
 1.32541159e-16 4.46008427e-17 2.99094067e-17 1.83829146e-17
 8.34267588e-18 4.07264374e-18 1.48261844e-18 1.04543483e-18
 4.18978884e-19 3.24693849e-19 1.61476583e-19 4.29089653e-06]",67.0,3.271293878555298
67,1.224744871391589,3.1,2.3354531504172087,1.724559141434649,1.3322676295501878e-15,4.440892098500626e-16,"[9.52102804e-02 6.20967592e-15 9.33789712e-02 1.47753022e-01
 9.69592358e-01 1.64181591e+00 1.72346636e+00 1.72455463e+00
 1.72455868e+00 1.72455914e+00 1.72455914e+00 1.72455914e+00
 1.72455914e+00 1.72455914e+00 1.72455914e+00 1.72455914e+00
 1.72455914e+00 1.72455914e+00 1.72455914e+00 1.72455914e+00]",7.467675332452765e-16,"[0.00000000e+00 0.00000000e+00 2.68535357e-14 2.49755590e-14
 2.84849709e-14 3.01268730e-14 2.46453455e-14 2.59921232e-14
 4.31474259e-14 3.16169054e-14 3.60778283e-14 3.20361062e-14
 2.99049033e-14 3.36134751e-14 3.44651030e-14 3.72376357e-14
 3.30386805e-14 3.20782023e-14 4.10626938e-14 2.71370089e+00]","[0.00000000e+00 0.00000000e+00 6.71338393e-15 3.12194487e-15
 1.78031068e-15 9.41464783e-16 3.85083523e-16 2.03063463e-16
 1.68544632e-16 6.17517684e-17 3.52322542e-17 1.56426300e-17
 7.30100179e-18 4.10320741e-18 2.10358295e-18 1.13640246e-18
 5.04130257e-19 2.44737262e-19 1.56641746e-19 5.17597368e-06]",68.0,3.3011040687561035
68,1.224744871391589,3.1,2.335453150417209,1.7245591414346468,4.440892098500626e-16,2.220446049250313e-15,"[9.52102804e-02 6.20967592e-15 9.33789712e-02 1.47753022e-01
 9.69592358e-01 1.64181591e+00 1.72346636e+00 1.72455463e+00
 1.72455868e+00 1.72455914e+00 1.72455914e+00 1.72455914e+00
 1.72455914e+00 1.72455914e+00 1.72455914e+00 1.72455914e+00
 1.72455914e+00 1.72455914e+00 1.72455914e+00 1.72455914e+00]",8.224973527709908e-16,"[0.00000000e+00 0.00000000e+00 2.93552797e-14 2.81125039e-14
 2.46476563e-14 4.04787801e-14 4.20324972e-14 3.27561653e-14
 2.90245812e-14 3.17212289e-14 2.95363933e-14 2.82626136e-14
 2.94779245e-14 3.97767890e-14 4.07250058e-14 2.69923206e-14
 2.63276395e-14 2.92618127e-14 2.78452818e-14 2.78147303e+00]","[0.00000000e+00 0.00000000e+00 7.33881992e-15 3.51406299e-15
 1.54047852e-15 1.26496188e-15 6.56757768e-16 2.55907541e-16
 1.13377270e-16 6.19555253e-17 2.88441341e-17 1.38001043e-17
 7.19675892e-18 4.85556506e-18 2.48565710e-18 8.23740252e-19
 4.01727897e-19 2.23249914e-19 1.06221320e-19 5.30523879e-06]",69.0,3.3354873657226562
69,1.224744871391589,3.1,2.335453150417207,1.7245591414346466,2.220446049250313e-15,2.220446049250313e-16,"[9.52102804e-02 6.20967592e-15 9.33789712e-02 1.47753022e-01
 9.69592358e-01 1.64181591e+00 1.72346636e+00 1.72455463e+00
 1.72455868e+00 1.72455914e+00 1.72455914e+00 1.72455914e+00
 1.72455914e+00 1.72455914e+00 1.72455914e+00 1.72455914e+00
 1.72455914e+00 1.72455914e+00 1.72455914e+00 1.72455914e+00]",8.281657813632372e-16,"[0.00000000e+00 0.00000000e+00 2.77592930e-14 2.78781420e-14
 3.99135828e-14 3.25933952e-14 2.92097020e-14 3.14441128e-14
 3.79624842e-14 3.02180918e-14 2.90975043e-14 3.04913541e-14
 3.79327840e-14 3.10885337e-14 3.12291151e-14 2.87075348e-14
 2.86488864e-14 3.95899068e-14 4.13962174e-14 2.59236227e+00]","[0.00000000e+00 0.00000000e+00 6.93982324e-15 3.48476775e-15
 2.49459893e-15 1.01854360e-15 4.56401594e-16 2.45657131e-16
 1.48290954e-16 5.90197106e-17 2.84155315e-17 1.48883565e-17
 9.26093359e-18 3.79498702e-18 1.90607392e-18 8.76084437e-19
 4.37147314e-19 3.02047019e-19 1.57914037e-19 4.94453864e-06]",70.0,3.336190938949585
70,1.224744871391589,3.1,2.3354531504172082,1.7245591414346475,1.3322676295501878e-15,8.881784197001252e-16,"[9.52102804e-02 6.20967592e-15 9.33789712e-02 1.47753022e-01
 9.69592358e-01 1.64181591e+00 1.72346636e+00 1.72455463e+00
 1.72455868e+00 1.72455914e+00 1.72455914e+00 1.72455914e+00
 1.72455914e+00 1.72455914e+00 1.72455914e+00 1.72455914e+00
 1.72455914e+00 1.72455914e+00 1.72455914e+00 1.72455914e+00]",9.206046502628297e-16,"[0.00000000e+00 0.00000000e+00 3.49983764e-14 3.10014892e-14
 2.78341881e-14 3.14211391e-14 4.34682015e-14 3.74779452e-14
 3.06889561e-14 3.56031944e-14 2.90876277e-14 3.56260952e-14
 3.96638237e-14 2.86993766e-14 3.89859901e-14 3.29079105e-14
 3.60175539e-14 3.02872228e-14 3.25531137e-14 2.40337921e+00]","[0.00000000e+00 0.00000000e+00 8.74959411e-15 3.87518615e-15
 1.73963676e-15 9.81910597e-16 6.79190649e-16 2.92796447e-16
 1.19878735e-16 6.95374891e-17 2.84058865e-17 1.73955543e-17
 9.68355071e-18 3.50334187e-18 2.37951600e-18 1.00426973e-18
 5.49584257e-19 2.31073172e-19 1.24180274e-19 4.58408204e-06]",71.0,3.341463327407837
71,1.224744871391589,3.1,2.335453150417209,1.724559141434649,8.881784197001252e-16,1.5543122344752192e-15,"[9.52102804e-02 6.20967592e-15 9.33789712e-02 1.47753022e-01
 9.69592358e-01 1.64181591e+00 1.72346636e+00 1.72455463e+00
 1.72455868e+00 1.72455914e+00 1.72455914e+00 1.72455914e+00
 1.72455914e+00 1.72455914e+00 1.72455914e+00 1.72455914e+00
 1.72455914e+00 1.72455914e+00 1.72455914e+00 1.72455914e+00]",9.062392983209772e-16,"[0.00000000e+00 0.00000000e+00 2.98646236e-14 3.25025574e-14
 4.56292998e-14 2.44964577e-14 3.98850508e-14 3.56645890e-14
 3.73455998e-14 3.23369700e-14 2.95247928e-14 2.89655535e-14
 2.26080494e-14 2.65786181e-14 3.02426692e-14 2.94250120e-14
 2.60430215e-14 3.04033692e-14 2.86631327e-14 2.30609650e+00]","[0.00000000e+00 0.00000000e+00 7.46615590e-15 4.06281968e-15
 2.85183124e-15 7.65514303e-16 6.23203919e-16 2.78629602e-16
 1.45881249e-16 6.31581446e-17 2.88328054e-17 1.41433367e-17
 5.51954332e-18 3.24446022e-18 1.84586604e-18 8.97980104e-19
 3.97384972e-19 2.31959299e-19 1.09341174e-19 4.39853000e-06]",72.0,3.379754066467285
72,1.224744871391589,3.1,2.3354531504172096,1.7245591414346488,4.440892098500626e-16,2.220446049250313e-16,"[9.52102804e-02 6.20967592e-15 9.33789712e-02 1.47753022e-01
 9.69592358e-01 1.64181591e+00 1.72346636e+00 1.72455463e+00
 1.72455868e+00 1.72455914e+00 1.72455914e+00 1.72455914e+00
 1.72455914e+00 1.72455914e+00 1.72455914e+00 1.72455914e+00
 1.72455914e+00 1.72455914e+00 1.72455914e+00 1.72455914e+00]",7.6491064157376175e-16,"[0.00000000e+00 0.00000000e+00 2.55087133e-14 2.66819224e-14
 3.29780098e-14 2.80367557e-14 3.58705294e-14 3.58364879e-14
 3.80030221e-14 3.67910814e-14 3.02293305e-14 3.00401766e-14
 2.82648357e-14 2.82624383e-14 2.85396690e-14 2.93827652e-14
 3.40400249e-14 3.20767239e-14 2.85843059e-14 2.28469572e+00]","[0.00000000e+00 0.00000000e+00 6.37717832e-15 3.33524029e-15
 2.06112561e-15 8.76148617e-16 5.60477023e-16 2.79972562e-16
 1.48449305e-16 7.18575809e-17 2.95208306e-17 1.46680550e-17
 6.90059466e-18 3.45000468e-18 1.74192315e-18 8.96690831e-19
 5.19409559e-19 2.44725982e-19 1.09040474e-19 4.35771125e-06]",73.0,5.562757730484009
73,1.224744871391589,3.1,2.3354531504172087,1.7245591414346493,8.881784197001252e-16,4.440892098500626e-16,"[9.52102804e-02 6.20967592e-15 9.33789712e-02 1.47753022e-01
 9.69592358e-01 1.64181591e+00 1.72346636e+00 1.72455463e+00
 1.72455868e+00 1.72455914e+00 1.72455914e+00 1.72455914e+00
 1.72455914e+00 1.72455914e+00 1.72455914e+00 1.72455914e+00
 1.72455914e+00 1.72455914e+00 1.72455914e+00 1.72455914e+00]",8.256100704295079e-16,"[0.00000000e+00 0.00000000e+00 3.04515718e-14 2.29770960e-14
 3.42016671e-14 3.43618541e-14 4.10586629e-14 3.51241159e-14
 2.87117612e-14 3.93217087e-14 2.77316842e-14 3.39326626e-14
 3.27520280e-14 3.78022290e-14 2.69204406e-14 2.94903332e-14
 3.67095437e-14 3.54721466e-14 3.26921625e-14 2.59045975e+00]","[0.00000000e+00 0.00000000e+00 7.61289296e-15 2.87213700e-15
 2.13760419e-15 1.07380794e-15 6.41541608e-16 2.74407156e-16
 1.12155317e-16 7.68002123e-17 2.70817228e-17 1.65686829e-17
 7.99610058e-18 4.61452991e-18 1.64309330e-18 8.99973549e-19
 5.60143184e-19 2.70631001e-19 1.24710703e-19 4.94090986e-06]",74.0,5.73709774017334
74,1.224744871391589,3.1,2.3354531504172082,1.7245591414346473,4.440892098500626e-16,1.9984014443252818e-15,"[9.52102804e-02 6.20967592e-15 9.33789712e-02 1.47753022e-01
 9.69592358e-01 1.64181591e+00 1.72346636e+00 1.72455463e+00
 1.72455868e+00 1.72455914e+00 1.72455914e+00 1.72455914e+00
 1.72455914e+00 1.72455914e+00 1.72455914e+00 1.72455914e+00
 1.72455914e+00 1.72455914e+00 1.72455914e+00 1.72455914e+00]",1.0000385741156856e-15,"[0.00000000e+00 0.00000000e+00 3.84069063e-14 3.34037209e-14
 3.34042637e-14 3.06591744e-14 4.63092972e-14 2.28473976e-14
 4.06701161e-14 2.80958048e-14 3.11020029e-14 3.24918173e-14
 3.56864059e-14 3.12335067e-14 2.15334974e-14 3.31457361e-14
 3.05472163e-14 3.42512976e-14 3.96149706e-14 2.61666617e+00]","[0.00000000e+00 0.00000000e+00 9.60172658e-15 4.17546511e-15
 2.08776648e-15 9.58099201e-16 7.23582768e-16 1.78495294e-16
 1.58867641e-16 5.48746188e-17 3.03730497e-17 1.58651451e-17
 8.71250144e-18 3.81268392e-18 1.31430038e-18 1.01152759e-18
 4.66113530e-19 2.61316663e-19 1.51119120e-19 4.99089464e-06]",75.0,5.5456953048706055
75,1.224744871391589,3.1,2.3354531504172096,1.7245591414346486,1.3322676295501878e-15,1.3322676295501878e-15,"[9.52102804e-02 6.20967592e-15 9.33789712e-02 1.47753022e-01
 9.69592358e-01 1.64181591e+00 1.72346636e+00 1.72455463e+00
 1.72455868e+00 1.72455914e+00 1.72455914e+00 1.72455914e+00
 1.72455914e+00 1.72455914e+00 1.72455914e+00 1.72455914e+00
 1.72455914e+00 1.72455914e+00 1.72455914e+00 1.72455914e+00]",8.712056422333456e-16,"[0.00000000e+00 0.00000000e+00 3.19430220e-14 2.95044733e-14
 3.47578064e-14 2.91757538e-14 2.83446914e-14 2.79125088e-14
 3.09398691e-14 4.06208159e-14 3.04245720e-14 3.53069952e-14
 4.04481347e-14 2.20055125e-14 2.42620743e-14 2.98797205e-14
 3.17055325e-14 3.19870094e-14 3.14199417e-14 2.41933883e+00]","[0.00000000e+00 0.00000000e+00 7.98575550e-15 3.68805916e-15
 2.17236290e-15 9.11742305e-16 4.42885804e-16 2.18066475e-16
 1.20858864e-16 7.93375311e-17 2.97114961e-17 1.72397438e-17
 9.87503289e-18 2.68621979e-18 1.48083950e-18 9.11856705e-19
 4.83788032e-19 2.44041515e-19 1.19857566e-19 4.61452262e-06]",76.0,5.766839981079102
76,1.224744871391589,3.1,2.335453150417209,1.7245591414346466,4.440892098500626e-16,1.9984014443252818e-15,"[9.52102804e-02 6.20967592e-15 9.33789712e-02 1.47753022e-01
 9.69592358e-01 1.64181591e+00 1.72346636e+00 1.72455463e+00
 1.72455868e+00 1.72455914e+00 1.72455914e+00 1.72455914e+00
 1.72455914e+00 1.72455914e+00 1.72455914e+00 1.72455914e+00
 1.72455914e+00 1.72455914e+00 1.72455914e+00 1.72455914e+00]",8.039383124125095e-16,"[0.00000000e+00 0.00000000e+00 2.88286969e-14 2.05885116e-14
 3.97164489e-14 3.58596151e-14 3.88198891e-14 2.78046346e-14
 3.35875437e-14 3.57314577e-14 3.59392187e-14 2.43392959e-14
 2.99876179e-14 3.72756237e-14 2.99915668e-14 3.54216249e-14
 3.11979099e-14 3.22778684e-14 3.11058017e-14 2.40922402e+00]","[0.00000000e+00 0.00000000e+00 7.20717423e-15 2.57356396e-15
 2.48227806e-15 1.12061297e-15 6.06560768e-16 2.17223708e-16
 1.31201343e-16 6.97880032e-17 3.50968933e-17 1.18844218e-17
 7.32119577e-18 4.55024703e-18 1.83053997e-18 1.08098220e-18
 4.76042327e-19 2.46260593e-19 1.18659217e-19 4.59523015e-06]",77.0,5.486825466156006
77,1.224744871391589,3.1,2.3354531504172087,1.7245591414346486,4.440892098500626e-16,1.9984014443252818e-15,"[9.52102804e-02 6.20967592e-15 9.33789712e-02 1.47753022e-01
 9.69592358e-01 1.64181591e+00 1.72346636e+00 1.72455463e+00
 1.72455868e+00 1.72455914e+00 1.72455914e+00 1.72455914e+00
 1.72455914e+00 1.72455914e+00 1.72455914e+00 1.72455914e+00
 1.72455914e+00 1.72455914e+00 1.72455914e+00 1.72455914e+00]",9.437598770528105e-16,"[0.00000000e+00 0.00000000e+00 3.40589839e-14 2.68997565e-14
 4.56422992e-14 3.57940850e-14 4.28316356e-14 2.74040904e-14
 3.51559247e-14 3.04619378e-14 3.44112547e-14 2.60677812e-14
 2.42196347e-14 2.75619714e-14 3.05207429e-14 3.02638621e-14
 2.75742478e-14 3.57851332e-14 2.47417280e-14 2.47568250e+00]","[0.00000000e+00 0.00000000e+00 8.51474597e-15 3.36246957e-15
 2.85264370e-15 1.11856515e-15 6.69244306e-16 2.14094456e-16
 1.37327831e-16 5.94959723e-17 3.36047409e-17 1.27284088e-17
 5.91299676e-18 3.36449846e-18 1.86283831e-18 9.23579775e-19
 4.20749631e-19 2.73018899e-19 9.43822022e-20 4.72198963e-06]",78.0,5.808263778686523
78,1.224744871391589,3.1,2.335453150417209,1.7245591414346475,4.440892098500626e-16,1.1102230246251565e-15,"[9.52102804e-02 6.20967592e-15 9.33789712e-02 1.47753022e-01
 9.69592358e-01 1.64181591e+00 1.72346636e+00 1.72455463e+00
 1.72455868e+00 1.72455914e+00 1.72455914e+00 1.72455914e+00
 1.72455914e+00 1.72455914e+00 1.72455914e+00 1.72455914e+00
 1.72455914e+00 1.72455914e+00 1.72455914e+00 1.72455914e+00]",7.283576967906416e-16,"[0.00000000e+00 0.00000000e+00 2.12099527e-14 2.49073887e-14
 4.16933319e-14 3.12212741e-14 3.96741675e-14 3.21783249e-14
 2.70785514e-14 3.74840525e-14 3.30646505e-14 3.26507878e-14
 2.57638706e-14 3.53976005e-14 3.59437263e-14 3.06630917e-14
 3.38294085e-14 3.28733084e-14 4.03622101e-14 2.63735966e+00]","[0.00000000e+00 0.00000000e+00 5.30248817e-15 3.11342358e-15
 2.60583325e-15 9.75664817e-16 6.19908868e-16 2.51393163e-16
 1.05775591e-16 7.32110400e-17 3.22896977e-17 1.59427675e-17
 6.29000747e-18 4.32099616e-18 2.19383095e-18 9.35763296e-19
 5.16195808e-19 2.50803439e-19 1.53969613e-19 5.03036433e-06]",79.0,5.1832029819488525
79,1.224744871391589,3.1,2.335453150417209,1.7245591414346493,0.0,1.7763568394002505e-15,"[9.52102804e-02 6.20967592e-15 9.33789712e-02 1.47753022e-01
 9.69592358e-01 1.64181591e+00 1.72346636e+00 1.72455463e+00
 1.72455868e+00 1.72455914e+00 1.72455914e+00 1.72455914e+00
 1.72455914e+00 1.72455914e+00 1.72455914e+00 1.72455914e+00
 1.72455914e+00 1.72455914e+00 1.72455914e+00 1.72455914e+00]",7.744137144855107e-16,"[0.00000000e+00 0.00000000e+00 2.79590074e-14 2.48808303e-14
 2.82699838e-14 3.17925859e-14 3.26541612e-14 3.66623296e-14
 4.23363796e-14 3.32647832e-14 2.22725372e-14 3.28665892e-14
 3.08782493e-14 2.94540520e-14 2.80953517e-14 2.98799145e-14
 2.32812062e-14 3.82438264e-14 2.32832554e-14 2.46232911e+00]","[0.00000000e+00 0.00000000e+00 6.98975185e-15 3.11010378e-15
 1.76687399e-15 9.93518308e-16 5.10221268e-16 2.86424450e-16
 1.65376483e-16 6.49702798e-17 2.17505246e-17 1.60481393e-17
 7.53863507e-18 3.59546533e-18 1.71480418e-18 9.11862625e-19
 3.55243014e-19 2.91777240e-19 8.88185708e-20 4.69652007e-06]",80.0,3.4756362438201904
80,1.224744871391589,3.1,2.3354531504172082,1.7245591414346484,8.881784197001252e-16,8.881784197001252e-16,"[9.52102804e-02 6.20967592e-15 9.33789712e-02 1.47753022e-01
 9.69592358e-01 1.64181591e+00 1.72346636e+00 1.72455463e+00
 1.72455868e+00 1.72455914e+00 1.72455914e+00 1.72455914e+00
 1.72455914e+00 1.72455914e+00 1.72455914e+00 1.72455914e+00
 1.72455914e+00 1.72455914e+00 1.72455914e+00 1.72455914e+00]",7.504016363863595e-16,"[0.00000000e+00 0.00000000e+00 2.49592325e-14 2.47821793e-14
 3.33589940e-14 2.83730635e-14 4.48379988e-14 2.92908402e-14
 3.96700928e-14 2.64303598e-14 3.30533199e-14 3.42865216e-14
 2.47621275e-14 2.61302634e-14 3.14593974e-14 3.87099490e-14
 2.91012895e-14 3.16220675e-14 3.11956893e-14 2.34385625e+00]","[0.00000000e+00 0.00000000e+00 6.23980812e-15 3.09777242e-15
 2.08493712e-15 8.86658236e-16 7.00593731e-16 2.28834689e-16
 1.54961300e-16 5.16217965e-17 3.22786327e-17 1.67414656e-17
 6.04544130e-18 3.18972942e-18 1.92012924e-18 1.18133389e-18
 4.44050437e-19 2.41257229e-19 1.19002111e-19 4.47055102e-06]",81.0,5.356835126876831
81,1.224744871391589,3.1,2.335453150417208,1.7245591414346488,4.440892098500626e-16,4.440892098500626e-16,"[9.52102804e-02 6.20967592e-15 9.33789712e-02 1.47753022e-01
 9.69592358e-01 1.64181591e+00 1.72346636e+00 1.72455463e+00
 1.72455868e+00 1.72455914e+00 1.72455914e+00 1.72455914e+00
 1.72455914e+00 1.72455914e+00 1.72455914e+00 1.72455914e+00
 1.72455914e+00 1.72455914e+00 1.72455914e+00 1.72455914e+00]",8.305533337785158e-16,"[0.00000000e+00 0.00000000e+00 3.17481784e-14 2.33147986e-14
 3.10606842e-14 2.91610802e-14 4.15915324e-14 4.24209011e-14
 3.40966758e-14 3.21945005e-14 3.75482754e-14 3.30269111e-14
 3.50997205e-14 2.80756756e-14 3.48408493e-14 3.49314005e-14
 2.76098277e-14 3.05536715e-14 2.48791882e-14 2.51670783e+00]","[0.00000000e+00 0.00000000e+00 7.93704459e-15 2.91434982e-15
 1.94129277e-15 9.11283757e-16 6.49867694e-16 3.31413290e-16
 1.33190140e-16 6.28798837e-17 3.66682377e-17 1.61264214e-17
 8.56926769e-18 3.42720649e-18 2.12651668e-18 1.06602174e-18
 4.21292537e-19 2.33106015e-19 9.49065712e-20 4.80023923e-06]",82.0,5.327924728393555
82,1.224744871391589,3.1,2.3354531504172082,1.724559141434649,4.440892098500626e-16,2.220446049250313e-16,"[9.52102804e-02 6.20967592e-15 9.33789712e-02 1.47753022e-01
 9.69592358e-01 1.64181591e+00 1.72346636e+00 1.72455463e+00
 1.72455868e+00 1.72455914e+00 1.72455914e+00 1.72455914e+00
 1.72455914e+00 1.72455914e+00 1.72455914e+00 1.72455914e+00
 1.72455914e+00 1.72455914e+00 1.72455914e+00 1.72455914e+00]",8.371368143591678e-16,"[0.00000000e+00 0.00000000e+00 3.21689691e-14 2.47388551e-14
 2.98873892e-14 3.42742719e-14 2.81579681e-14 3.44950184e-14
 4.18529811e-14 2.74051097e-14 3.43154513e-14 3.89179970e-14
 3.18993990e-14 3.06946105e-14 4.06226710e-14 3.33707541e-14
 3.58884633e-14 3.43288634e-14 3.25181089e-14 2.86784497e+00]","[0.00000000e+00 0.00000000e+00 8.04224228e-15 3.09235688e-15
 1.86796182e-15 1.07107100e-15 4.39968252e-16 2.69492331e-16
 1.63488207e-16 5.35256050e-17 3.35111829e-17 1.90029282e-17
 7.78793920e-18 3.74690070e-18 2.47941107e-18 1.01839460e-18
 5.47614491e-19 2.61908442e-19 1.24046741e-19 5.46998018e-06]",83.0,3.1624081134796143
83,1.224744871391589,3.1,2.335453150417208,1.724559141434648,4.440892098500626e-16,1.1102230246251565e-15,"[9.52102804e-02 6.20967592e-15 9.33789712e-02 1.47753022e-01
 9.69592358e-01 1.64181591e+00 1.72346636e+00 1.72455463e+00
 1.72455868e+00 1.72455914e+00 1.72455914e+00 1.72455914e+00
 1.72455914e+00 1.72455914e+00 1.72455914e+00 1.72455914e+00
 1.72455914e+00 1.72455914e+00 1.72455914e+00 1.72455914e+00]",8.622136592361519e-16,"[0.00000000e+00 0.00000000e+00 3.19368705e-14 2.48547353e-14
 3.56114186e-14 3.24239684e-14 4.41934834e-14 3.44819276e-14
 2.81995445e-14 2.94457472e-14 3.19607815e-14 3.17246065e-14
 3.29874786e-14 3.19511864e-14 3.28740473e-14 2.92560685e-14
 2.47512347e-14 4.08462071e-14 2.48674540e-14 2.76484835e+00]","[0.00000000e+00 0.00000000e+00 7.98421763e-15 3.10684192e-15
 2.22571366e-15 1.01324901e-15 6.90523178e-16 2.69390060e-16
 1.10154471e-16 5.75112251e-17 3.12117007e-17 1.54905305e-17
 8.05358364e-18 3.90029131e-18 2.00647261e-18 8.92824356e-19
 3.77673869e-19 3.11631829e-19 9.48618088e-20 5.27352972e-06]",84.0,3.3110122680664062
84,1.224744871391589,3.1,2.3354531504172087,1.7245591414346502,8.881784197001252e-16,2.220446049250313e-15,"[9.52102804e-02 6.20967592e-15 9.33789712e-02 1.47753022e-01
 9.69592358e-01 1.64181591e+00 1.72346636e+00 1.72455463e+00
 1.72455868e+00 1.72455914e+00 1.72455914e+00 1.72455914e+00
 1.72455914e+00 1.72455914e+00 1.72455914e+00 1.72455914e+00
 1.72455914e+00 1.72455914e+00 1.72455914e+00 1.72455914e+00]",9.620718870535039e-16,"[0.00000000e+00 0.00000000e+00 3.70954878e-14 2.30026519e-14
 4.80641377e-14 3.41251169e-14 3.36404506e-14 3.67872481e-14
 3.79228187e-14 3.76733560e-14 2.78242921e-14 4.35145796e-14
 3.40642981e-14 2.23166097e-14 3.22602561e-14 2.75910977e-14
 2.30229371e-14 3.93632505e-14 3.88745581e-14 2.43579478e+00]","[0.00000000e+00 0.00000000e+00 9.27387194e-15 2.87533148e-15
 3.00400861e-15 1.06640990e-15 5.25632041e-16 2.87400376e-16
 1.48136010e-16 7.35807735e-17 2.71721603e-17 2.12473533e-17
 8.31647902e-18 2.72419553e-18 1.96900977e-18 8.42013480e-19
 3.51302141e-19 3.00317768e-19 1.48294671e-19 4.64590984e-06]",85.0,3.3275094032287598
85,1.224744871391589,3.1,2.335453150417208,1.724559141434649,8.881784197001252e-16,1.1102230246251565e-15,"[9.52102804e-02 6.20967592e-15 9.33789712e-02 1.47753022e-01
 9.69592358e-01 1.64181591e+00 1.72346636e+00 1.72455463e+00
 1.72455868e+00 1.72455914e+00 1.72455914e+00 1.72455914e+00
 1.72455914e+00 1.72455914e+00 1.72455914e+00 1.72455914e+00
 1.72455914e+00 1.72455914e+00 1.72455914e+00 1.72455914e+00]",8.128807105473535e-16,"[0.00000000e+00 0.00000000e+00 2.82453969e-14 2.41488714e-14
 3.85935756e-14 3.53705791e-14 3.32982372e-14 3.02640423e-14
 3.51477068e-14 4.35165364e-14 2.72363775e-14 3.28618012e-14
 2.62949983e-14 2.33149154e-14 2.88927263e-14 3.37628907e-14
 3.01724555e-14 3.80146709e-14 3.32904638e-14 2.56914607e+00]","[0.00000000e+00 0.00000000e+00 7.06134922e-15 3.01860893e-15
 2.41209848e-15 1.10533060e-15 5.20284957e-16 2.36437831e-16
 1.37295730e-16 8.49932352e-17 2.65980249e-17 1.60458014e-17
 6.41967732e-18 2.84605901e-18 1.76347207e-18 1.03036165e-18
 4.60395135e-19 2.90028922e-19 1.26993041e-19 4.90025724e-06]",86.0,3.329315662384033
86,1.224744871391589,3.1,2.3354531504172105,1.7245591414346484,2.6645352591003757e-15,6.661338147750939e-16,"[9.52102804e-02 6.20967592e-15 9.33789712e-02 1.47753022e-01
 9.69592358e-01 1.64181591e+00 1.72346636e+00 1.72455463e+00
 1.72455868e+00 1.72455914e+00 1.72455914e+00 1.72455914e+00
 1.72455914e+00 1.72455914e+00 1.72455914e+00 1.72455914e+00
 1.72455914e+00 1.72455914e+00 1.72455914e+00 1.72455914e+00]",7.812988636172822e-16,"[0.00000000e+00 0.00000000e+00 2.69534718e-14 2.21606644e-14
 3.88832931e-14 3.64787737e-14 3.51013023e-14 2.48665423e-14
 3.33407205e-14 2.48132179e-14 3.34016582e-14 3.47691958e-14
 2.38340760e-14 3.03082459e-14 3.73308003e-14 3.68156726e-14
 2.79938956e-14 5.10014830e-14 3.77324100e-14 2.66416574e+00]","[0.00000000e+00 0.00000000e+00 6.73836795e-15 2.77008305e-15
 2.43020582e-15 1.13996168e-15 5.48457849e-16 1.94269861e-16
 1.30237189e-16 4.84633162e-17 3.26188068e-17 1.69771464e-17
 5.81886620e-18 3.69973705e-18 2.27849123e-18 1.12352517e-18
 4.27152948e-19 3.89110436e-19 1.43937721e-19 5.08149289e-06]",87.0,3.3270440101623535
87,1.224744871391589,3.1,2.3354531504172087,1.724559141434648,1.7763568394002505e-15,4.440892098500626e-16,"[9.52102804e-02 6.20967592e-15 9.33789712e-02 1.47753022e-01
 9.69592358e-01 1.64181591e+00 1.72346636e+00 1.72455463e+00
 1.72455868e+00 1.72455914e+00 1.72455914e+00 1.72455914e+00
 1.72455914e+00 1.72455914e+00 1.72455914e+00 1.72455914e+00
 1.72455914e+00 1.72455914e+00 1.72455914e+00 1.72455914e+00]",9.542113998106759e-16,"[0.00000000e+00 0.00000000e+00 3.98444687e-14 2.24131158e-14
 3.86377823e-14 2.93357609e-14 3.55627761e-14 3.57351624e-14
 2.92479408e-14 3.17897959e-14 3.35909178e-14 4.37530397e-14
 3.28204742e-14 3.46218054e-14 3.38923374e-14 3.51291938e-14
 2.82456712e-14 3.64222583e-14 3.96417581e-14 2.52367470e+00]","[0.00000000e+00 0.00000000e+00 9.96111718e-15 2.80163947e-15
 2.41486139e-15 9.16742529e-16 5.55668377e-16 2.79180956e-16
 1.14249769e-16 6.20894451e-17 3.28036306e-17 2.13637889e-17
 8.01281109e-18 4.22629461e-18 2.06862411e-18 1.07205792e-18
 4.30994738e-19 2.77879778e-19 1.51221306e-19 4.81352749e-06]",88.0,3.32607364654541
